Workbook

Sheet registo_ativo-CDs (1)
B1: ID | C1: Localização | D1: TAG | E1: Local | F1: COD_local | G1: ID_local | H1: instalação | I1: COD_instalacao | J1: ID_instalacao | K1: Sistema | L1: COD_sistema | M1: ID_sistema | N1: Grupo | O1: 0 | P1: ID_grupo | Q1: Equipamento | R1: COD_equipamento | S1: ID_equipamento | T1: Nº de Ordem | U1: Sector | V1: Marca / Fabricante | W1: Modelo / Características | X1: Criticidade | Y1: Estado | Z1: Nome | AA1: Data Instalação | AB1: Tempo nominal de vida útil (*) | AC1: Esperança de vida útil (anos (*) | AD1: Periodicidade | AE1: Especificação | AG1: Imagem | AH1: Path_Imagen | AI1: Data_Inicio_Manutencao
A2: =LEN(B2) -> 15 | B2: =CONCATENATE(G2,J2,M2,P2,S2,T2) -> CD28BBG131BOM01 | C2: =CONCATENATE(F2, "-", I2, "-", L2, "-", O2, "-", R2, "-", T2) -> CD-CHA-BBG-EBC-BOM-01 | E2: Centro distribuidor | F2: =VLOOKUP(E2,Localizacoes!$A$3:$B$100,2,FALSE) -> CD | G2: =VLOOKUP(E2,ID!$A$3:$B$100,2,FALSE) -> CD | H2: Chamanculo | I2: =VLOOKUP(H2,Localizacoes!$C$3:$D$100,2,FALSE) -> CHA | J2: =VLOOKUP(H2,ID!$C$3:$D$100,2,FALSE) -> 28 | K2: Bombagem | L2: =VLOOKUP(K2,Localizacoes!$E$3:$F$100,2,FALSE) -> BBG | M2: =VLOOKUP(K2,ID!$E$3:$F$100,2,FALSE) -> BBG | N2: Electrobomba centrífuga | O2: =VLOOKUP(N2,Localizacoes!$G$3:$H$100,2,FALSE) -> EBC | P2: =VLOOKUP(N2,ID!$G$3:$H$100,2,FALSE) -> 131 | Q2: Bomba | R2: =VLOOKUP(Q2,Localizacoes!$I$3:$J$100,2,FALSE) -> BOM | S2: =VLOOKUP(Q2,ID!$I$3:$J$100,2,FALSE) -> BOM | T2: 01 | U2: Mecânica | V2: EMICA | X2: Critico | Y2: Operacional | Z2: =Q2&" "& T2 -> Bomba 01 | AA2: 2024 | AD2: Mensal | AF2: =_xlfn.CONCAT(N2,Q2) -> Electrobomba centrífugaBomba | AG2: =VLOOKUP(AF2,Imagens!$C$2:$D$42,2,FALSE) -> 65e96125c1d11 | AH2: =_xlfn.CONCAT(Imagens!$H$2,'registo_ativo-CDs (1)'!AG2) -> assets/imagens/products/65e96125c1d11 | AI2: 45310
A3: =LEN(B3) -> 15 | B3: =CONCATENATE(G3,J3,M3,P3,S3,T3) -> CD28BBG131MOT01 | C3: =CONCATENATE(F3, "-", I3, "-", L3, "-", O3, "-", R3, "-", T3) -> CD-CHA-BBG-EBC-MOT-01 | E3: Centro distribuidor | F3: =VLOOKUP(E3,Localizacoes!$A$3:$B$100,2,FALSE) -> CD | G3: =VLOOKUP(E3,ID!$A$3:$B$100,2,FALSE) -> CD | H3: Chamanculo | I3: =VLOOKUP(H3,Localizacoes!$C$3:$D$100,2,FALSE) -> CHA | J3: =VLOOKUP(H3,ID!$C$3:$D$100,2,FALSE) -> 28 | K3: Bombagem | L3: =VLOOKUP(K3,Localizacoes!$E$3:$F$100,2,FALSE) -> BBG | M3: =VLOOKUP(K3,ID!$E$3:$F$100,2,FALSE) -> BBG | N3: Electrobomba centrífuga | O3: =VLOOKUP(N3,Localizacoes!$G$3:$H$100,2,FALSE) -> EBC | P3: =VLOOKUP(N3,ID!$G$3:$H$100,2,FALSE) -> 131 | Q3: Motor | R3: =VLOOKUP(Q3,Localizacoes!$I$3:$J$100,2,FALSE) -> MOT | S3: =VLOOKUP(Q3,ID!$I$3:$J$100,2,FALSE) -> MOT | T3: 01 | U3: Eléctrica | V3: ECHTOP | W3: Serial No:355Y0C0816-01;200kw,3000 V;46.5A;Conn:Y; 1487 R/Min;50Hz;Eff:95.4%;factor de Pontencia 0.868 | X3: Critico | Y3: Operacional | Z3: =Q3&" "& T3 -> Motor 01 | AA3: 2024 | AD3: Mensal | AF3: =_xlfn.CONCAT(N3,Q3) -> Electrobomba centrífugaMotor | AG3: =VLOOKUP(AF3,Imagens!$C$2:$D$42,2,FALSE) -> 65d04210323a4 | AH3: =_xlfn.CONCAT(Imagens!$H$2,'registo_ativo-CDs (1)'!AG3) -> assets/imagens/products/65d04210323a4 | AI3: 45310
A4: =LEN(B4) -> 15 | B4: =CONCATENATE(G4,J4,M4,P4,S4,T4) -> CD28BBG131QEA01 | C4: =CONCATENATE(F4, "-", I4, "-", L4, "-", O4, "-", R4, "-", T4) -> CD-CHA-BBG-EBC-QEA-01 | E4: Centro distribuidor | F4: =VLOOKUP(E4,Localizacoes!$A$3:$B$100,2,FALSE) -> CD | G4: =VLOOKUP(E4,ID!$A$3:$B$100,2,FALSE) -> CD | H4: Chamanculo | I4: =VLOOKUP(H4,Localizacoes!$C$3:$D$100,2,FALSE) -> CHA | J4: =VLOOKUP(H4,ID!$C$3:$D$100,2,FALSE) -> 28 | K4: Bombagem | L4: =VLOOKUP(K4,Localizacoes!$E$3:$F$100,2,FALSE) -> BBG | M4: =VLOOKUP(K4,ID!$E$3:$F$100,2,FALSE) -> BBG | N4: Electrobomba centrífuga | O4: =VLOOKUP(N4,Localizacoes!$G$3:$H$100,2,FALSE) -> EBC | P4: =VLOOKUP(N4,ID!$G$3:$H$100,2,FALSE) -> 131 | Q4: Quadros Eléctricos de Arranque | R4: =VLOOKUP(Q4,Localizacoes!$I$3:$J$100,2,FALSE) -> QEA | S4: =VLOOKUP(Q4,ID!$I$3:$J$100,2,FALSE) -> QEA | T4: 01 | U4: Eléctrica | X4: Critico | Y4: Operacional | Z4: =Q4&" "& T4 -> Quadros Eléctricos de Arranque 01 | AA4: 2024 | AD4: Trimestral | AF4: =_xlfn.CONCAT(N4,Q4) -> Electrobomba centrífugaQuadros Eléctricos de Arranque | AG4: =VLOOKUP(AF4,Imagens!$C$2:$D$42,2,FALSE) -> 65e8d2fa35c12 | AH4: =_xlfn.CONCAT(Imagens!$H$2,'registo_ativo-CDs (1)'!AG4) -> assets/imagens/products/65e8d2fa35c12 | AI4: 45366
A5: =LEN(B5) -> 15 | B5: =CONCATENATE(G5,J5,M5,P5,S5,T5) -> CD28BBG131VSU01 | C5: =CONCATENATE(F5, "-", I5, "-", L5, "-", O5, "-", R5, "-", T5) -> CD-CHA-BBG-EBC-VSU-01 | E5: Centro distribuidor | F5: =VLOOKUP(E5,Localizacoes!$A$3:$B$100,2,FALSE) -> CD | G5: =VLOOKUP(E5,ID!$A$3:$B$100,2,FALSE) -> CD | H5: Chamanculo | I5: =VLOOKUP(H5,Localizacoes!$C$3:$D$100,2,FALSE) -> CHA | J5: =VLOOKUP(H5,ID!$C$3:$D$100,2,FALSE) -> 28 | K5: Bombagem | L5: =VLOOKUP(K5,Localizacoes!$E$3:$F$100,2,FALSE) -> BBG | M5: =VLOOKUP(K5,ID!$E$3:$F$100,2,FALSE) -> BBG | N5: Electrobomba centrífuga | O5: =VLOOKUP(N5,Localizacoes!$G$3:$H$100,2,FALSE) -> EBC | P5: =VLOOKUP(N5,ID!$G$3:$H$100,2,FALSE) -> 131 | Q5: Válvula Sucção | R5: =VLOOKUP(Q5,Localizacoes!$I$3:$J$100,2,FALSE) -> VSU | S5: =VLOOKUP(Q5,ID!$I$3:$J$100,2,FALSE) -> VSU | T5: 01 | U5: Mecânica | X5: Critico | Y5: Operacional | Z5: =Q5&" "& T5 -> Válvula Sucção 01 | AA5: 2024 | AD5: Trimestral | AF5: =_xlfn.CONCAT(N5,Q5) -> Electrobomba centrífugaVálvula Sucção | AG5: =VLOOKUP(AF5,Imagens!$C$2:$D$42,2,FALSE) -> 65e8cda0676b7 | AH5: =_xlfn.CONCAT(Imagens!$H$2,'registo_ativo-CDs (1)'!AG5) -> assets/imagens/products/65e8cda0676b7 | AI5: 45366
A6: =LEN(B6) -> 15 | B6: =CONCATENATE(G6,J6,M6,P6,S6,T6) -> CD28BBG131VDE01 | C6: =CONCATENATE(F6, "-", I6, "-", L6, "-", O6, "-", R6, "-", T6) -> CD-CHA-BBG-EBC-VDE-01 | E6: Centro distribuidor | F6: =VLOOKUP(E6,Localizacoes!$A$3:$B$100,2,FALSE) -> CD | G6: =VLOOKUP(E6,ID!$A$3:$B$100,2,FALSE) -> CD | H6: Chamanculo | I6: =VLOOKUP(H6,Localizacoes!$C$3:$D$100,2,FALSE) -> CHA | J6: =VLOOKUP(H6,ID!$C$3:$D$100,2,FALSE) -> 28 | K6: Bombagem | L6: =VLOOKUP(K6,Localizacoes!$E$3:$F$100,2,FALSE) -> BBG | M6: =VLOOKUP(K6,ID!$E$3:$F$100,2,FALSE) -> BBG | N6: Electrobomba centrífuga | O6: =VLOOKUP(N6,Localizacoes!$G$3:$H$100,2,FALSE) -> EBC | P6: =VLOOKUP(N6,ID!$G$3:$H$100,2,FALSE) -> 131 | Q6: Válvula Descarga | R6: =VLOOKUP(Q6,Localizacoes!$I$3:$J$100,2,FALSE) -> VDE | S6: =VLOOKUP(Q6,ID!$I$3:$J$100,2,FALSE) -> VDE | T6: 01 | U6: Mecânica | X6: Critico | Y6: Operacional | Z6: =Q6&" "& T6 -> Válvula Descarga 01 | AA6: 2024 | AD6: Trimestral | AF6: =_xlfn.CONCAT(N6,Q6) -> Electrobomba centrífugaVálvula Descarga | AG6: =VLOOKUP(AF6,Imagens!$C$2:$D$42,2,FALSE) -> 65e8cda0676b7 | AH6: =_xlfn.CONCAT(Imagens!$H$2,'registo_ativo-CDs (1)'!AG6) -> assets/imagens/products/65e8cda0676b7 | AI6: 45366
A7: =LEN(B7) -> 15 | B7: =CONCATENATE(G7,J7,M7,P7,S7,T7) -> CD28BBG131BOM02 | C7: =CONCATENATE(F7, "-", I7, "-", L7, "-", O7, "-", R7, "-", T7) -> CD-CHA-BBG-EBC-BOM-02 | E7: Centro distribuidor | F7: =VLOOKUP(E7,Localizacoes!$A$3:$B$100,2,FALSE) -> CD | G7: =VLOOKUP(E7,ID!$A$3:$B$100,2,FALSE) -> CD | H7: Chamanculo | I7: =VLOOKUP(H7,Localizacoes!$C$3:$D$100,2,FALSE) -> CHA | J7: =VLOOKUP(H7,ID!$C$3:$D$100,2,FALSE) -> 28 | K7: Bombagem | L7: =VLOOKUP(K7,Localizacoes!$E$3:$F$100,2,FALSE) -> BBG | M7: =VLOOKUP(K7,ID!$E$3:$F$100,2,FALSE) -> BBG | N7: Electrobomba centrífuga | O7: =VLOOKUP(N7,Localizacoes!$G$3:$H$100,2,FALSE) -> EBC | P7: =VLOOKUP(N7,ID!$G$3:$H$100,2,FALSE) -> 131 | Q7: Bomba | R7: =VLOOKUP(Q7,Localizacoes!$I$3:$J$100,2,FALSE) -> BOM | S7: =VLOOKUP(Q7,ID!$I$3:$J$100,2,FALSE) -> BOM | T7: 02 | U7: Mecânica | V7: Grundfos | W7: HS350-250-498/422 5/3-FA-BBVP 2*Model: 98607941P114130001* 1750 m³/h* 40 m* 1480 rpm* 78,8%*16/100 bar/°Cmax* | X7: Critico | Y7: Operacional | Z7: =Q7&" "& T7 -> Bomba 02 | AA7: 2017 | AD7: Mensal | AF7: =_xlfn.CONCAT(N7,Q7) -> Electrobomba centrífugaBomba | AG7: =VLOOKUP(AF7,Imagens!$C$2:$D$42,2,FALSE) -> 65e96125c1d11 | AH7: =_xlfn.CONCAT(Imagens!$H$2,'registo_ativo-CDs (1)'!AG7) -> assets/imagens/products/65e96125c1d11 | AI7: 45310
A8: =LEN(B8) -> 15 | B8: =CONCATENATE(G8,J8,M8,P8,S8,T8) -> CD28BBG131MOT02 | C8: =CONCATENATE(F8, "-", I8, "-", L8, "-", O8, "-", R8, "-", T8) -> CD-CHA-BBG-EBC-MOT-02 | E8: Centro distribuidor | F8: =VLOOKUP(E8,Localizacoes!$A$3:$B$100,2,FALSE) -> CD | G8: =VLOOKUP(E8,ID!$A$3:$B$100,2,FALSE) -> CD | H8: Chamanculo | I8: =VLOOKUP(H8,Localizacoes!$C$3:$D$100,2,FALSE) -> CHA | J8: =VLOOKUP(H8,ID!$C$3:$D$100,2,FALSE) -> 28 | K8: Bombagem | L8: =VLOOKUP(K8,Localizacoes!$E$3:$F$100,2,FALSE) -> BBG | M8: =VLOOKUP(K8,ID!$E$3:$F$100,2,FALSE) -> BBG | N8: Electrobomba centrífuga | O8: =VLOOKUP(N8,Localizacoes!$G$3:$H$100,2,FALSE) -> EBC | P8: =VLOOKUP(N8,ID!$G$3:$H$100,2,FALSE) -> 131 | Q8: Motor | R8: =VLOOKUP(Q8,Localizacoes!$I$3:$J$100,2,FALSE) -> MOT | S8: =VLOOKUP(Q8,ID!$I$3:$J$100,2,FALSE) -> MOT | T8: 02 | U8: Eléctrica | V8: ABB | W8: 400v; 50 Hz; 551 A; Kw 315; cosΦ:0.86. 1488 rpm. 3̃ ˜Mot. 1LA4.312- 4AN34-Z; rotor: SQUCQGE; THCI/6. IP55. N⁰: U1188395010006/2006N/N1* Rolamento 6322/C3 & 6316/C3 | X8: Critico | Y8: Operacional | Z8: =Q8&" "& T8 -> Motor 02 | AA8: 2017 | AD8: Mensal | AF8: =_xlfn.CONCAT(N8,Q8) -> Electrobomba centrífugaMotor | AG8: =VLOOKUP(AF8,Imagens!$C$2:$D$42,2,FALSE) -> 65d04210323a4 | AH8: =_xlfn.CONCAT(Imagens!$H$2,'registo_ativo-CDs (1)'!AG8) -> assets/imagens/products/65d04210323a4 | AI8: 45310
A9: =LEN(B9) -> 15 | B9: =CONCATENATE(G9,J9,M9,P9,S9,T9) -> CD28BBG131QEA02 | C9: =CONCATENATE(F9, "-", I9, "-", L9, "-", O9, "-", R9, "-", T9) -> CD-CHA-BBG-EBC-QEA-02 | E9: Centro distribuidor | F9: =VLOOKUP(E9,Localizacoes!$A$3:$B$100,2,FALSE) -> CD | G9: =VLOOKUP(E9,ID!$A$3:$B$100,2,FALSE) -> CD | H9: Chamanculo | I9: =VLOOKUP(H9,Localizacoes!$C$3:$D$100,2,FALSE) -> CHA | J9: =VLOOKUP(H9,ID!$C$3:$D$100,2,FALSE) -> 28 | K9: Bombagem | L9: =VLOOKUP(K9,Localizacoes!$E$3:$F$100,2,FALSE) -> BBG | M9: =VLOOKUP(K9,ID!$E$3:$F$100,2,FALSE) -> BBG | N9: Electrobomba centrífuga | O9: =VLOOKUP(N9,Localizacoes!$G$3:$H$100,2,FALSE) -> EBC | P9: =VLOOKUP(N9,ID!$G$3:$H$100,2,FALSE) -> 131 | Q9: Quadros Eléctricos de Arranque | R9: =VLOOKUP(Q9,Localizacoes!$I$3:$J$100,2,FALSE) -> QEA | S9: =VLOOKUP(Q9,ID!$I$3:$J$100,2,FALSE) -> QEA | T9: 02 | U9: Eléctrica | Y9: Operacional | Z9: =Q9&" "& T9 -> Quadros Eléctricos de Arranque 02 | AA9: 2017 | AD9: Trimestral | AF9: =_xlfn.CONCAT(N9,Q9) -> Electrobomba centrífugaQuadros Eléctricos de Arranque | AG9: =VLOOKUP(AF9,Imagens!$C$2:$D$42,2,FALSE) -> 65e8d2fa35c12 | AH9: =_xlfn.CONCAT(Imagens!$H$2,'registo_ativo-CDs (1)'!AG9) -> assets/imagens/products/65e8d2fa35c12 | AI9: 45366
A10: =LEN(B10) -> 15 | B10: =CONCATENATE(G10,J10,M10,P10,S10,T10) -> CD28BBG131VSU02 | C10: =CONCATENATE(F10, "-", I10, "-", L10, "-", O10, "-", R10, "-", T10) -> CD-CHA-BBG-EBC-VSU-02 | E10: Centro distribuidor | F10: =VLOOKUP(E10,Localizacoes!$A$3:$B$100,2,FALSE) -> CD | G10: =VLOOKUP(E10,ID!$A$3:$B$100,2,FALSE) -> CD | H10: Chamanculo | I10: =VLOOKUP(H10,Localizacoes!$C$3:$D$100,2,FALSE) -> CHA | J10: =VLOOKUP(H10,ID!$C$3:$D$100,2,FALSE) -> 28 | K10: Bombagem | L10: =VLOOKUP(K10,Localizacoes!$E$3:$F$100,2,FALSE) -> BBG | M10: =VLOOKUP(K10,ID!$E$3:$F$100,2,FALSE) -> BBG | N10: Electrobomba centrífuga | O10: =VLOOKUP(N10,Localizacoes!$G$3:$H$100,2,FALSE) -> EBC | P10: =VLOOKUP(N10,ID!$G$3:$H$100,2,FALSE) -> 131 | Q10: Válvula Sucção | R10: =VLOOKUP(Q10,Localizacoes!$I$3:$J$100,2,FALSE) -> VSU | S10: =VLOOKUP(Q10,ID!$I$3:$J$100,2,FALSE) -> VSU | T10: 02 | U10: Mecânica | Y10: Operacional | Z10: =Q10&" "& T10 -> Válvula Sucção 02 | AA10: 2017 | AD10: Trimestral | AF10: =_xlfn.CONCAT(N10,Q10) -> Electrobomba centrífugaVálvula Sucção | AG10: =VLOOKUP(AF10,Imagens!$C$2:$D$42,2,FALSE) -> 65e8cda0676b7 | AH10: =_xlfn.CONCAT(Imagens!$H$2,'registo_ativo-CDs (1)'!AG10) -> assets/imagens/products/65e8cda0676b7 | AI10: 45366
A11: =LEN(B11) -> 15 | B11: =CONCATENATE(G11,J11,M11,P11,S11,T11) -> CD28BBG131VDE02 | C11: =CONCATENATE(F11, "-", I11, "-", L11, "-", O11, "-", R11, "-", T11) -> CD-CHA-BBG-EBC-VDE-02 | E11: Centro distribuidor | F11: =VLOOKUP(E11,Localizacoes!$A$3:$B$100,2,FALSE) -> CD | G11: =VLOOKUP(E11,ID!$A$3:$B$100,2,FALSE) -> CD | H11: Chamanculo | I11: =VLOOKUP(H11,Localizacoes!$C$3:$D$100,2,FALSE) -> CHA | J11: =VLOOKUP(H11,ID!$C$3:$D$100,2,FALSE) -> 28 | K11: Bombagem | L11: =VLOOKUP(K11,Localizacoes!$E$3:$F$100,2,FALSE) -> BBG | M11: =VLOOKUP(K11,ID!$E$3:$F$100,2,FALSE) -> BBG | N11: Electrobomba centrífuga | O11: =VLOOKUP(N11,Localizacoes!$G$3:$H$100,2,FALSE) -> EBC | P11: =VLOOKUP(N11,ID!$G$3:$H$100,2,FALSE) -> 131 | Q11: Válvula Descarga | R11: =VLOOKUP(Q11,Localizacoes!$I$3:$J$100,2,FALSE) -> VDE | S11: =VLOOKUP(Q11,ID!$I$3:$J$100,2,FALSE) -> VDE | T11: 02 | U11: Mecânica | X11: Redundância | Y11: Operacional | Z11: =Q11&" "& T11 -> Válvula Descarga 02 | AA11: 2017 | AD11: Trimestral | AF11: =_xlfn.CONCAT(N11,Q11) -> Electrobomba centrífugaVálvula Descarga | AG11: =VLOOKUP(AF11,Imagens!$C$2:$D$42,2,FALSE) -> 65e8cda0676b7 | AH11: =_xlfn.CONCAT(Imagens!$H$2,'registo_ativo-CDs (1)'!AG11) -> assets/imagens/products/65e8cda0676b7 | AI11: 45366
A12: =LEN(B12) -> 15 | B12: =CONCATENATE(G12,J12,M12,P12,S12,T12) -> CD28BBG131AEL02 | C12: =CONCATENATE(F12, "-", I12, "-", L12, "-", O12, "-", R12, "-", T12) -> CD-CHA-BBG-EBC-AEL-02 | E12: Centro distribuidor | F12: =VLOOKUP(E12,Localizacoes!$A$3:$B$100,2,FALSE) -> CD | G12: =VLOOKUP(E12,ID!$A$3:$B$100,2,FALSE) -> CD | H12: Chamanculo | I12: =VLOOKUP(H12,Localizacoes!$C$3:$D$100,2,FALSE) -> CHA | J12: =VLOOKUP(H12,ID!$C$3:$D$100,2,FALSE) -> 28 | K12: Bombagem | L12: =VLOOKUP(K12,Localizacoes!$E$3:$F$100,2,FALSE) -> BBG | M12: =VLOOKUP(K12,ID!$E$3:$F$100,2,FALSE) -> BBG | N12: Electrobomba centrífuga | O12: =VLOOKUP(N12,Localizacoes!$G$3:$H$100,2,FALSE) -> EBC | P12: =VLOOKUP(N12,ID!$G$3:$H$100,2,FALSE) -> 131 | Q12: Actuador Eléctrico | R12: =VLOOKUP(Q12,Localizacoes!$I$3:$J$100,2,FALSE) -> AEL | S12: =VLOOKUP(Q12,ID!$I$3:$J$100,2,FALSE) -> AEL | T12: 02 | U12: Eléctrica | Y12: Operacional | Z12: =Q12&" "& T12 -> Actuador Eléctrico 02 | AA12: 2017 | AD12: Trimestral | AF12: =_xlfn.CONCAT(N12,Q12) -> Electrobomba centrífugaActuador Eléctrico | AG12: =VLOOKUP(AF12,Imagens!$C$2:$D$42,2,FALSE) -> 65e8db8f62d7b | AH12: =_xlfn.CONCAT(Imagens!$H$2,'registo_ativo-CDs (1)'!AG12) -> assets/imagens/products/65e8db8f62d7b | AI12: 46461
A13: =LEN(B13) -> 15 | B13: =CONCATENATE(G13,J13,M13,P13,S13,T13) -> CD28BBG131BOM05 | C13: =CONCATENATE(F13, "-", I13, "-", L13, "-", O13, "-", R13, "-", T13) -> CD-CHA-BBG-EBC-BOM-05 | E13: Centro distribuidor | F13: =VLOOKUP(E13,Localizacoes!$A$3:$B$100,2,FALSE) -> CD | G13: =VLOOKUP(E13,ID!$A$3:$B$100,2,FALSE) -> CD | H13: Chamanculo | I13: =VLOOKUP(H13,Localizacoes!$C$3:$D$100,2,FALSE) -> CHA | J13: =VLOOKUP(H13,ID!$C$3:$D$100,2,FALSE) -> 28 | K13: Bombagem | L13: =VLOOKUP(K13,Localizacoes!$E$3:$F$100,2,FALSE) -> BBG | M13: =VLOOKUP(K13,ID!$E$3:$F$100,2,FALSE) -> BBG | N13: Electrobomba centrífuga | O13: =VLOOKUP(N13,Localizacoes!$G$3:$H$100,2,FALSE) -> EBC | P13: =VLOOKUP(N13,ID!$G$3:$H$100,2,FALSE) -> 131 | Q13: Bomba | R13: =VLOOKUP(Q13,Localizacoes!$I$3:$J$100,2,FALSE) -> BOM | S13: =VLOOKUP(Q13,ID!$I$3:$J$100,2,FALSE) -> BOM | T13: 05 | U13: Mecânica | V13: Mather & Platt | W13: type: 10J2MLMED.3670-GPM* h37m* 1000m3/h. Rolamento 6314 | Y13: Operacional | Z13: =Q13&" "& T13 -> Bomba 05 | AA13: 1971 | AD13: Mensal | AF13: =_xlfn.CONCAT(N13,Q13) -> Electrobomba centrífugaBomba | AG13: =VLOOKUP(AF13,Imagens!$C$2:$D$42,2,FALSE) -> 65e96125c1d11 | AH13: =_xlfn.CONCAT(Imagens!$H$2,'registo_ativo-CDs (1)'!AG13) -> assets/imagens/products/65e96125c1d11 | AI13: 45310
A14: =LEN(B14) -> 15 | B14: =CONCATENATE(G14,J14,M14,P14,S14,T14) -> CD28BBG131MOT05 | C14: =CONCATENATE(F14, "-", I14, "-", L14, "-", O14, "-", R14, "-", T14) -> CD-CHA-BBG-EBC-MOT-05 | E14: Centro distribuidor | F14: =VLOOKUP(E14,Localizacoes!$A$3:$B$100,2,FALSE) -> CD | G14: =VLOOKUP(E14,ID!$A$3:$B$100,2,FALSE) -> CD | H14: Chamanculo | I14: =VLOOKUP(H14,Localizacoes!$C$3:$D$100,2,FALSE) -> CHA | J14: =VLOOKUP(H14,ID!$C$3:$D$100,2,FALSE) -> 28 | K14: Bombagem | L14: =VLOOKUP(K14,Localizacoes!$E$3:$F$100,2,FALSE) -> BBG | M14: =VLOOKUP(K14,ID!$E$3:$F$100,2,FALSE) -> BBG | N14: Electrobomba centrífuga | O14: =VLOOKUP(N14,Localizacoes!$G$3:$H$100,2,FALSE) -> EBC | P14: =VLOOKUP(N14,ID!$G$3:$H$100,2,FALSE) -> 131 | Q14: Motor | R14: =VLOOKUP(Q14,Localizacoes!$I$3:$J$100,2,FALSE) -> MOT | S14: =VLOOKUP(Q14,ID!$I$3:$J$100,2,FALSE) -> MOT | T14: 05 | U14: Eléctrica | V14: Mather & Platt | W14: 846089/1; size: DA365LA; R/M: 1475; AMPS: 5555; H250; Kw: 225; PT-85; Temp: 80⁰C; year: 1984; 1219 KG; brig. NE: REPN320N/C3; Brig NDE: RHPOR SKF 6310 C3K≠N320CS; 3000V. Rolamento 6320 ou N 320 | Y14: Operacional | Z14: =Q14&" "& T14 -> Motor 05 | AA14: 1971 | AD14: Mensal | AF14: =_xlfn.CONCAT(N14,Q14) -> Electrobomba centrífugaMotor | AG14: =VLOOKUP(AF14,Imagens!$C$2:$D$42,2,FALSE) -> 65d04210323a4 | AH14: =_xlfn.CONCAT(Imagens!$H$2,'registo_ativo-CDs (1)'!AG14) -> assets/imagens/products/65d04210323a4 | AI14: 45310
A15: =LEN(B15) -> 15 | B15: =CONCATENATE(G15,J15,M15,P15,S15,T15) -> CD28BBG131QEA05 | C15: =CONCATENATE(F15, "-", I15, "-", L15, "-", O15, "-", R15, "-", T15) -> CD-CHA-BBG-EBC-QEA-05 | E15: Centro distribuidor | F15: =VLOOKUP(E15,Localizacoes!$A$3:$B$100,2,FALSE) -> CD | G15: =VLOOKUP(E15,ID!$A$3:$B$100,2,FALSE) -> CD | H15: Chamanculo | I15: =VLOOKUP(H15,Localizacoes!$C$3:$D$100,2,FALSE) -> CHA | J15: =VLOOKUP(H15,ID!$C$3:$D$100,2,FALSE) -> 28 | K15: Bombagem | L15: =VLOOKUP(K15,Localizacoes!$E$3:$F$100,2,FALSE) -> BBG | M15: =VLOOKUP(K15,ID!$E$3:$F$100,2,FALSE) -> BBG | N15: Electrobomba centrífuga | O15: =VLOOKUP(N15,Localizacoes!$G$3:$H$100,2,FALSE) -> EBC | P15: =VLOOKUP(N15,ID!$G$3:$H$100,2,FALSE) -> 131 | Q15: Quadros Eléctricos de Arranque | R15: =VLOOKUP(Q15,Localizacoes!$I$3:$J$100,2,FALSE) -> QEA | S15: =VLOOKUP(Q15,ID!$I$3:$J$100,2,FALSE) -> QEA | T15: 05 | U15: Eléctrica | X15: Critico | Y15: Operacional | Z15: =Q15&" "& T15 -> Quadros Eléctricos de Arranque 05 | AA15: 1971 | AD15: Trimestral | AF15: =_xlfn.CONCAT(N15,Q15) -> Electrobomba centrífugaQuadros Eléctricos de Arranque | AG15: =VLOOKUP(AF15,Imagens!$C$2:$D$42,2,FALSE) -> 65e8d2fa35c12 | AH15: =_xlfn.CONCAT(Imagens!$H$2,'registo_ativo-CDs (1)'!AG15) -> assets/imagens/products/65e8d2fa35c12 | AI15: 45366
A16: =LEN(B16) -> 15 | B16: =CONCATENATE(G16,J16,M16,P16,S16,T16) -> CD28BBG131VSU05 | C16: =CONCATENATE(F16, "-", I16, "-", L16, "-", O16, "-", R16, "-", T16) -> CD-CHA-BBG-EBC-VSU-05 | E16: Centro distribuidor | F16: =VLOOKUP(E16,Localizacoes!$A$3:$B$100,2,FALSE) -> CD | G16: =VLOOKUP(E16,ID!$A$3:$B$100,2,FALSE) -> CD | H16: Chamanculo | I16: =VLOOKUP(H16,Localizacoes!$C$3:$D$100,2,FALSE) -> CHA | J16: =VLOOKUP(H16,ID!$C$3:$D$100,2,FALSE) -> 28 | K16: Bombagem | L16: =VLOOKUP(K16,Localizacoes!$E$3:$F$100,2,FALSE) -> BBG | M16: =VLOOKUP(K16,ID!$E$3:$F$100,2,FALSE) -> BBG | N16: Electrobomba centrífuga | O16: =VLOOKUP(N16,Localizacoes!$G$3:$H$100,2,FALSE) -> EBC | P16: =VLOOKUP(N16,ID!$G$3:$H$100,2,FALSE) -> 131 | Q16: Válvula Sucção | R16: =VLOOKUP(Q16,Localizacoes!$I$3:$J$100,2,FALSE) -> VSU | S16: =VLOOKUP(Q16,ID!$I$3:$J$100,2,FALSE) -> VSU | T16: 05 | U16: Mecânica | Y16: Operacional | Z16: =Q16&" "& T16 -> Válvula Sucção 05 | AA16: 1971 | AD16: Trimestral | AF16: =_xlfn.CONCAT(N16,Q16) -> Electrobomba centrífugaVálvula Sucção | AG16: =VLOOKUP(AF16,Imagens!$C$2:$D$42,2,FALSE) -> 65e8cda0676b7 | AH16: =_xlfn.CONCAT(Imagens!$H$2,'registo_ativo-CDs (1)'!AG16) -> assets/imagens/products/65e8cda0676b7 | AI16: 45366
A17: =LEN(B17) -> 15 | B17: =CONCATENATE(G17,J17,M17,P17,S17,T17) -> CD28BBG131VDE05 | C17: =CONCATENATE(F17, "-", I17, "-", L17, "-", O17, "-", R17, "-", T17) -> CD-CHA-BBG-EBC-VDE-05 | E17: Centro distribuidor | F17: =VLOOKUP(E17,Localizacoes!$A$3:$B$100,2,FALSE) -> CD | G17: =VLOOKUP(E17,ID!$A$3:$B$100,2,FALSE) -> CD | H17: Chamanculo | I17: =VLOOKUP(H17,Localizacoes!$C$3:$D$100,2,FALSE) -> CHA | J17: =VLOOKUP(H17,ID!$C$3:$D$100,2,FALSE) -> 28 | K17: Bombagem | L17: =VLOOKUP(K17,Localizacoes!$E$3:$F$100,2,FALSE) -> BBG | M17: =VLOOKUP(K17,ID!$E$3:$F$100,2,FALSE) -> BBG | N17: Electrobomba centrífuga | O17: =VLOOKUP(N17,Localizacoes!$G$3:$H$100,2,FALSE) -> EBC | P17: =VLOOKUP(N17,ID!$G$3:$H$100,2,FALSE) -> 131 | Q17: Válvula Descarga | R17: =VLOOKUP(Q17,Localizacoes!$I$3:$J$100,2,FALSE) -> VDE | S17: =VLOOKUP(Q17,ID!$I$3:$J$100,2,FALSE) -> VDE | T17: 05 | U17: Mecânica | Y17: Operacional | Z17: =Q17&" "& T17 -> Válvula Descarga 05 | AA17: 1971 | AD17: Trimestral | AF17: =_xlfn.CONCAT(N17,Q17) -> Electrobomba centrífugaVálvula Descarga | AG17: =VLOOKUP(AF17,Imagens!$C$2:$D$42,2,FALSE) -> 65e8cda0676b7 | AH17: =_xlfn.CONCAT(Imagens!$H$2,'registo_ativo-CDs (1)'!AG17) -> assets/imagens/products/65e8cda0676b7 | AI17: 45366
A18: =LEN(B18) -> 15 | B18: =CONCATENATE(G18,J18,M18,P18,S18,T18) -> CD28BBG131BOM06 | C18: =CONCATENATE(F18, "-", I18, "-", L18, "-", O18, "-", R18, "-", T18) -> CD-CHA-BBG-EBC-BOM-06 | E18: Centro distribuidor | F18: =VLOOKUP(E18,Localizacoes!$A$3:$B$100,2,FALSE) -> CD | G18: =VLOOKUP(E18,ID!$A$3:$B$100,2,FALSE) -> CD | H18: Chamanculo | I18: =VLOOKUP(H18,Localizacoes!$C$3:$D$100,2,FALSE) -> CHA | J18: =VLOOKUP(H18,ID!$C$3:$D$100,2,FALSE) -> 28 | K18: Bombagem | L18: =VLOOKUP(K18,Localizacoes!$E$3:$F$100,2,FALSE) -> BBG | M18: =VLOOKUP(K18,ID!$E$3:$F$100,2,FALSE) -> BBG | N18: Electrobomba centrífuga | O18: =VLOOKUP(N18,Localizacoes!$G$3:$H$100,2,FALSE) -> EBC | P18: =VLOOKUP(N18,ID!$G$3:$H$100,2,FALSE) -> 131 | Q18: Bomba | R18: =VLOOKUP(Q18,Localizacoes!$I$3:$J$100,2,FALSE) -> BOM | S18: =VLOOKUP(Q18,ID!$I$3:$J$100,2,FALSE) -> BOM | T18: 06 | U18: Mecânica | V18: EMICA | X18: Redundância | Y18: Operacional | Z18: =Q18&" "& T18 -> Bomba 06 | AA18: 2024 | AD18: Mensal | AF18: =_xlfn.CONCAT(N18,Q18) -> Electrobomba centrífugaBomba | AG18: =VLOOKUP(AF18,Imagens!$C$2:$D$42,2,FALSE) -> 65e96125c1d11 | AH18: =_xlfn.CONCAT(Imagens!$H$2,'registo_ativo-CDs (1)'!AG18) -> assets/imagens/products/65e96125c1d11 | AI18: 45310
A19: =LEN(B19) -> 15 | B19: =CONCATENATE(G19,J19,M19,P19,S19,T19) -> CD28BBG131MOT06 | C19: =CONCATENATE(F19, "-", I19, "-", L19, "-", O19, "-", R19, "-", T19) -> CD-CHA-BBG-EBC-MOT-06 | E19: Centro distribuidor | F19: =VLOOKUP(E19,Localizacoes!$A$3:$B$100,2,FALSE) -> CD | G19: =VLOOKUP(E19,ID!$A$3:$B$100,2,FALSE) -> CD | H19: Chamanculo | I19: =VLOOKUP(H19,Localizacoes!$C$3:$D$100,2,FALSE) -> CHA | J19: =VLOOKUP(H19,ID!$C$3:$D$100,2,FALSE) -> 28 | K19: Bombagem | L19: =VLOOKUP(K19,Localizacoes!$E$3:$F$100,2,FALSE) -> BBG | M19: =VLOOKUP(K19,ID!$E$3:$F$100,2,FALSE) -> BBG | N19: Electrobomba centrífuga | O19: =VLOOKUP(N19,Localizacoes!$G$3:$H$100,2,FALSE) -> EBC | P19: =VLOOKUP(N19,ID!$G$3:$H$100,2,FALSE) -> 131 | Q19: Motor | R19: =VLOOKUP(Q19,Localizacoes!$I$3:$J$100,2,FALSE) -> MOT | S19: =VLOOKUP(Q19,ID!$I$3:$J$100,2,FALSE) -> MOT | T19: 06 | U19: Eléctrica | V19: ECHTOP | W19: Serial No:355Y0C0816-01;200kw,3000 V;46.5A;Conn:Y; 1487 R/Min;50Hz;Eff:95.4%;factor de Pontencia 0.868 | X19: Redundância | Y19: Operacional | Z19: =Q19&" "& T19 -> Motor 06 | AA19: 2024 | AD19: Mensal | AF19: =_xlfn.CONCAT(N19,Q19) -> Electrobomba centrífugaMotor | AG19: =VLOOKUP(AF19,Imagens!$C$2:$D$42,2,FALSE) -> 65d04210323a4 | AH19: =_xlfn.CONCAT(Imagens!$H$2,'registo_ativo-CDs (1)'!AG19) -> assets/imagens/products/65d04210323a4 | AI19: 45310
A20: =LEN(B20) -> 15 | B20: =CONCATENATE(G20,J20,M20,P20,S20,T20) -> CD28BBG131QEA06 | C20: =CONCATENATE(F20, "-", I20, "-", L20, "-", O20, "-", R20, "-", T20) -> CD-CHA-BBG-EBC-QEA-06 | E20: Centro distribuidor | F20: =VLOOKUP(E20,Localizacoes!$A$3:$B$100,2,FALSE) -> CD | G20: =VLOOKUP(E20,ID!$A$3:$B$100,2,FALSE) -> CD | H20: Chamanculo | I20: =VLOOKUP(H20,Localizacoes!$C$3:$D$100,2,FALSE) -> CHA | J20: =VLOOKUP(H20,ID!$C$3:$D$100,2,FALSE) -> 28 | K20: Bombagem | L20: =VLOOKUP(K20,Localizacoes!$E$3:$F$100,2,FALSE) -> BBG | M20: =VLOOKUP(K20,ID!$E$3:$F$100,2,FALSE) -> BBG | N20: Electrobomba centrífuga | O20: =VLOOKUP(N20,Localizacoes!$G$3:$H$100,2,FALSE) -> EBC | P20: =VLOOKUP(N20,ID!$G$3:$H$100,2,FALSE) -> 131 | Q20: Quadros Eléctricos de Arranque | R20: =VLOOKUP(Q20,Localizacoes!$I$3:$J$100,2,FALSE) -> QEA | S20: =VLOOKUP(Q20,ID!$I$3:$J$100,2,FALSE) -> QEA | T20: 06 | U20: Eléctrica | X20: Redundância | Y20: Operacional | Z20: =Q20&" "& T20 -> Quadros Eléctricos de Arranque 06 | AA20: 2024 | AD20: Trimestral | AF20: =_xlfn.CONCAT(N20,Q20) -> Electrobomba centrífugaQuadros Eléctricos de Arranque | AG20: =VLOOKUP(AF20,Imagens!$C$2:$D$42,2,FALSE) -> 65e8d2fa35c12 | AH20: =_xlfn.CONCAT(Imagens!$H$2,'registo_ativo-CDs (1)'!AG20) -> assets/imagens/products/65e8d2fa35c12 | AI20: 45366
A21: =LEN(B21) -> 15 | B21: =CONCATENATE(G21,J21,M21,P21,S21,T21) -> CD28BBG131VSU06 | C21: =CONCATENATE(F21, "-", I21, "-", L21, "-", O21, "-", R21, "-", T21) -> CD-CHA-BBG-EBC-VSU-06 | E21: Centro distribuidor | F21: =VLOOKUP(E21,Localizacoes!$A$3:$B$100,2,FALSE) -> CD | G21: =VLOOKUP(E21,ID!$A$3:$B$100,2,FALSE) -> CD | H21: Chamanculo | I21: =VLOOKUP(H21,Localizacoes!$C$3:$D$100,2,FALSE) -> CHA | J21: =VLOOKUP(H21,ID!$C$3:$D$100,2,FALSE) -> 28 | K21: Bombagem | L21: =VLOOKUP(K21,Localizacoes!$E$3:$F$100,2,FALSE) -> BBG | M21: =VLOOKUP(K21,ID!$E$3:$F$100,2,FALSE) -> BBG | N21: Electrobomba centrífuga | O21: =VLOOKUP(N21,Localizacoes!$G$3:$H$100,2,FALSE) -> EBC | P21: =VLOOKUP(N21,ID!$G$3:$H$100,2,FALSE) -> 131 | Q21: Válvula Sucção | R21: =VLOOKUP(Q21,Localizacoes!$I$3:$J$100,2,FALSE) -> VSU | S21: =VLOOKUP(Q21,ID!$I$3:$J$100,2,FALSE) -> VSU | T21: 06 | U21: Mecânica | X21: Redundância | Y21: Operacional | Z21: =Q21&" "& T21 -> Válvula Sucção 06 | AA21: 2024 | AD21: Trimestral | AF21: =_xlfn.CONCAT(N21,Q21) -> Electrobomba centrífugaVálvula Sucção | AG21: =VLOOKUP(AF21,Imagens!$C$2:$D$42,2,FALSE) -> 65e8cda0676b7 | AH21: =_xlfn.CONCAT(Imagens!$H$2,'registo_ativo-CDs (1)'!AG21) -> assets/imagens/products/65e8cda0676b7 | AI21: 45366
A22: =LEN(B22) -> 15 | B22: =CONCATENATE(G22,J22,M22,P22,S22,T22) -> CD28BBG131VDE06 | C22: =CONCATENATE(F22, "-", I22, "-", L22, "-", O22, "-", R22, "-", T22) -> CD-CHA-BBG-EBC-VDE-06 | E22: Centro distribuidor | F22: =VLOOKUP(E22,Localizacoes!$A$3:$B$100,2,FALSE) -> CD | G22: =VLOOKUP(E22,ID!$A$3:$B$100,2,FALSE) -> CD | H22: Chamanculo | I22: =VLOOKUP(H22,Localizacoes!$C$3:$D$100,2,FALSE) -> CHA | J22: =VLOOKUP(H22,ID!$C$3:$D$100,2,FALSE) -> 28 | K22: Bombagem | L22: =VLOOKUP(K22,Localizacoes!$E$3:$F$100,2,FALSE) -> BBG | M22: =VLOOKUP(K22,ID!$E$3:$F$100,2,FALSE) -> BBG | N22: Electrobomba centrífuga | O22: =VLOOKUP(N22,Localizacoes!$G$3:$H$100,2,FALSE) -> EBC | P22: =VLOOKUP(N22,ID!$G$3:$H$100,2,FALSE) -> 131 | Q22: Válvula Descarga | R22: =VLOOKUP(Q22,Localizacoes!$I$3:$J$100,2,FALSE) -> VDE | S22: =VLOOKUP(Q22,ID!$I$3:$J$100,2,FALSE) -> VDE | T22: 06 | U22: Mecânica | X22: Redundância | Y22: Operacional | Z22: =Q22&" "& T22 -> Válvula Descarga 06 | AA22: 2024 | AD22: Trimestral | AF22: =_xlfn.CONCAT(N22,Q22) -> Electrobomba centrífugaVálvula Descarga | AG22: =VLOOKUP(AF22,Imagens!$C$2:$D$42,2,FALSE) -> 65e8cda0676b7 | AH22: =_xlfn.CONCAT(Imagens!$H$2,'registo_ativo-CDs (1)'!AG22) -> assets/imagens/products/65e8cda0676b7 | AI22: 45366
A23: =LEN(B23) -> 15 | B23: =CONCATENATE(G23,J23,M23,P23,S23,T23) -> CD28BBG131BOM07 | C23: =CONCATENATE(F23, "-", I23, "-", L23, "-", O23, "-", R23, "-", T23) -> CD-CHA-BBG-EBC-BOM-07 | E23: Centro distribuidor | F23: =VLOOKUP(E23,Localizacoes!$A$3:$B$100,2,FALSE) -> CD | G23: =VLOOKUP(E23,ID!$A$3:$B$100,2,FALSE) -> CD | H23: Chamanculo | I23: =VLOOKUP(H23,Localizacoes!$C$3:$D$100,2,FALSE) -> CHA | J23: =VLOOKUP(H23,ID!$C$3:$D$100,2,FALSE) -> 28 | K23: Bombagem | L23: =VLOOKUP(K23,Localizacoes!$E$3:$F$100,2,FALSE) -> BBG | M23: =VLOOKUP(K23,ID!$E$3:$F$100,2,FALSE) -> BBG | N23: Electrobomba centrífuga | O23: =VLOOKUP(N23,Localizacoes!$G$3:$H$100,2,FALSE) -> EBC | P23: =VLOOKUP(N23,ID!$G$3:$H$100,2,FALSE) -> 131 | Q23: Bomba | R23: =VLOOKUP(Q23,Localizacoes!$I$3:$J$100,2,FALSE) -> BOM | S23: =VLOOKUP(Q23,ID!$I$3:$J$100,2,FALSE) -> BOM | T23: 07 | U23: Mecânica | V23: EMICA | X23: Redundância | Y23: Operacional | Z23: =Q23&" "& T23 -> Bomba 07 | AA23: 2024 | AD23: Mensal | AF23: =_xlfn.CONCAT(N23,Q23) -> Electrobomba centrífugaBomba | AG23: =VLOOKUP(AF23,Imagens!$C$2:$D$42,2,FALSE) -> 65e96125c1d11 | AH23: =_xlfn.CONCAT(Imagens!$H$2,'registo_ativo-CDs (1)'!AG23) -> assets/imagens/products/65e96125c1d11 | AI23: 45310
A24: =LEN(B24) -> 15 | B24: =CONCATENATE(G24,J24,M24,P24,S24,T24) -> CD28BBG131MOT07 | C24: =CONCATENATE(F24, "-", I24, "-", L24, "-", O24, "-", R24, "-", T24) -> CD-CHA-BBG-EBC-MOT-07 | E24: Centro distribuidor | F24: =VLOOKUP(E24,Localizacoes!$A$3:$B$100,2,FALSE) -> CD | G24: =VLOOKUP(E24,ID!$A$3:$B$100,2,FALSE) -> CD | H24: Chamanculo | I24: =VLOOKUP(H24,Localizacoes!$C$3:$D$100,2,FALSE) -> CHA | J24: =VLOOKUP(H24,ID!$C$3:$D$100,2,FALSE) -> 28 | K24: Bombagem | L24: =VLOOKUP(K24,Localizacoes!$E$3:$F$100,2,FALSE) -> BBG | M24: =VLOOKUP(K24,ID!$E$3:$F$100,2,FALSE) -> BBG | N24: Electrobomba centrífuga | O24: =VLOOKUP(N24,Localizacoes!$G$3:$H$100,2,FALSE) -> EBC | P24: =VLOOKUP(N24,ID!$G$3:$H$100,2,FALSE) -> 131 | Q24: Motor | R24: =VLOOKUP(Q24,Localizacoes!$I$3:$J$100,2,FALSE) -> MOT | S24: =VLOOKUP(Q24,ID!$I$3:$J$100,2,FALSE) -> MOT | T24: 07 | U24: Eléctrica | V24: ECHTOP | W24: Serial No:355Y0C0816-01;200kw,3000 V;46.5A;Conn:Y; 1487 R/Min;50Hz;Eff:95.4%;factor de Pontencia 0.868 | Y24: Operacional | Z24: =Q24&" "& T24 -> Motor 07 | AA24: 2024 | AD24: Mensal | AF24: =_xlfn.CONCAT(N24,Q24) -> Electrobomba centrífugaMotor | AG24: =VLOOKUP(AF24,Imagens!$C$2:$D$42,2,FALSE) -> 65d04210323a4 | AH24: =_xlfn.CONCAT(Imagens!$H$2,'registo_ativo-CDs (1)'!AG24) -> assets/imagens/products/65d04210323a4 | AI24: 45310
A25: =LEN(B25) -> 15 | B25: =CONCATENATE(G25,J25,M25,P25,S25,T25) -> CD28BBG131QEA07 | C25: =CONCATENATE(F25, "-", I25, "-", L25, "-", O25, "-", R25, "-", T25) -> CD-CHA-BBG-EBC-QEA-07 | E25: Centro distribuidor | F25: =VLOOKUP(E25,Localizacoes!$A$3:$B$100,2,FALSE) -> CD | G25: =VLOOKUP(E25,ID!$A$3:$B$100,2,FALSE) -> CD | H25: Chamanculo | I25: =VLOOKUP(H25,Localizacoes!$C$3:$D$100,2,FALSE) -> CHA | J25: =VLOOKUP(H25,ID!$C$3:$D$100,2,FALSE) -> 28 | K25: Bombagem | L25: =VLOOKUP(K25,Localizacoes!$E$3:$F$100,2,FALSE) -> BBG | M25: =VLOOKUP(K25,ID!$E$3:$F$100,2,FALSE) -> BBG | N25: Electrobomba centrífuga | O25: =VLOOKUP(N25,Localizacoes!$G$3:$H$100,2,FALSE) -> EBC | P25: =VLOOKUP(N25,ID!$G$3:$H$100,2,FALSE) -> 131 | Q25: Quadros Eléctricos de Arranque | R25: =VLOOKUP(Q25,Localizacoes!$I$3:$J$100,2,FALSE) -> QEA | S25: =VLOOKUP(Q25,ID!$I$3:$J$100,2,FALSE) -> QEA | T25: 07 | U25: Eléctrica | Y25: Operacional | Z25: =Q25&" "& T25 -> Quadros Eléctricos de Arranque 07 | AA25: 2024 | AD25: Trimestral | AF25: =_xlfn.CONCAT(N25,Q25) -> Electrobomba centrífugaQuadros Eléctricos de Arranque | AG25: =VLOOKUP(AF25,Imagens!$C$2:$D$42,2,FALSE) -> 65e8d2fa35c12 | AH25: =_xlfn.CONCAT(Imagens!$H$2,'registo_ativo-CDs (1)'!AG25) -> assets/imagens/products/65e8d2fa35c12 | AI25: 45366
A26: =LEN(B26) -> 15 | B26: =CONCATENATE(G26,J26,M26,P26,S26,T26) -> CD28BBG131VSU07 | C26: =CONCATENATE(F26, "-", I26, "-", L26, "-", O26, "-", R26, "-", T26) -> CD-CHA-BBG-EBC-VSU-07 | E26: Centro distribuidor | F26: =VLOOKUP(E26,Localizacoes!$A$3:$B$100,2,FALSE) -> CD | G26: =VLOOKUP(E26,ID!$A$3:$B$100,2,FALSE) -> CD | H26: Chamanculo | I26: =VLOOKUP(H26,Localizacoes!$C$3:$D$100,2,FALSE) -> CHA | J26: =VLOOKUP(H26,ID!$C$3:$D$100,2,FALSE) -> 28 | K26: Bombagem | L26: =VLOOKUP(K26,Localizacoes!$E$3:$F$100,2,FALSE) -> BBG | M26: =VLOOKUP(K26,ID!$E$3:$F$100,2,FALSE) -> BBG | N26: Electrobomba centrífuga | O26: =VLOOKUP(N26,Localizacoes!$G$3:$H$100,2,FALSE) -> EBC | P26: =VLOOKUP(N26,ID!$G$3:$H$100,2,FALSE) -> 131 | Q26: Válvula Sucção | R26: =VLOOKUP(Q26,Localizacoes!$I$3:$J$100,2,FALSE) -> VSU | S26: =VLOOKUP(Q26,ID!$I$3:$J$100,2,FALSE) -> VSU | T26: 07 | U26: Mecânica | X26: Redundância | Y26: Operacional | Z26: =Q26&" "& T26 -> Válvula Sucção 07 | AA26: 2024 | AD26: Trimestral | AF26: =_xlfn.CONCAT(N26,Q26) -> Electrobomba centrífugaVálvula Sucção | AG26: =VLOOKUP(AF26,Imagens!$C$2:$D$42,2,FALSE) -> 65e8cda0676b7 | AH26: =_xlfn.CONCAT(Imagens!$H$2,'registo_ativo-CDs (1)'!AG26) -> assets/imagens/products/65e8cda0676b7 | AI26: 45366
A27: =LEN(B27) -> 15 | B27: =CONCATENATE(G27,J27,M27,P27,S27,T27) -> CD28BBG131VDE07 | C27: =CONCATENATE(F27, "-", I27, "-", L27, "-", O27, "-", R27, "-", T27) -> CD-CHA-BBG-EBC-VDE-07 | E27: Centro distribuidor | F27: =VLOOKUP(E27,Localizacoes!$A$3:$B$100,2,FALSE) -> CD | G27: =VLOOKUP(E27,ID!$A$3:$B$100,2,FALSE) -> CD | H27: Chamanculo | I27: =VLOOKUP(H27,Localizacoes!$C$3:$D$100,2,FALSE) -> CHA | J27: =VLOOKUP(H27,ID!$C$3:$D$100,2,FALSE) -> 28 | K27: Bombagem | L27: =VLOOKUP(K27,Localizacoes!$E$3:$F$100,2,FALSE) -> BBG | M27: =VLOOKUP(K27,ID!$E$3:$F$100,2,FALSE) -> BBG | N27: Electrobomba centrífuga | O27: =VLOOKUP(N27,Localizacoes!$G$3:$H$100,2,FALSE) -> EBC | P27: =VLOOKUP(N27,ID!$G$3:$H$100,2,FALSE) -> 131 | Q27: Válvula Descarga | R27: =VLOOKUP(Q27,Localizacoes!$I$3:$J$100,2,FALSE) -> VDE | S27: =VLOOKUP(Q27,ID!$I$3:$J$100,2,FALSE) -> VDE | T27: 07 | U27: Mecânica | Y27: Operacional | Z27: =Q27&" "& T27 -> Válvula Descarga 07 | AA27: 2024 | AD27: Trimestral | AF27: =_xlfn.CONCAT(N27,Q27) -> Electrobomba centrífugaVálvula Descarga | AG27: =VLOOKUP(AF27,Imagens!$C$2:$D$42,2,FALSE) -> 65e8cda0676b7 | AH27: =_xlfn.CONCAT(Imagens!$H$2,'registo_ativo-CDs (1)'!AG27) -> assets/imagens/products/65e8cda0676b7 | AI27: 45366
A28: =LEN(B28) -> 15 | B28: =CONCATENATE(G28,J28,M28,P28,S28,T28) -> CD28BBG131BOM08 | C28: =CONCATENATE(F28, "-", I28, "-", L28, "-", O28, "-", R28, "-", T28) -> CD-CHA-BBG-EBC-BOM-08 | E28: Centro distribuidor | F28: =VLOOKUP(E28,Localizacoes!$A$3:$B$100,2,FALSE) -> CD | G28: =VLOOKUP(E28,ID!$A$3:$B$100,2,FALSE) -> CD | H28: Chamanculo | I28: =VLOOKUP(H28,Localizacoes!$C$3:$D$100,2,FALSE) -> CHA | J28: =VLOOKUP(H28,ID!$C$3:$D$100,2,FALSE) -> 28 | K28: Bombagem | L28: =VLOOKUP(K28,Localizacoes!$E$3:$F$100,2,FALSE) -> BBG | M28: =VLOOKUP(K28,ID!$E$3:$F$100,2,FALSE) -> BBG | N28: Electrobomba centrífuga | O28: =VLOOKUP(N28,Localizacoes!$G$3:$H$100,2,FALSE) -> EBC | P28: =VLOOKUP(N28,ID!$G$3:$H$100,2,FALSE) -> 131 | Q28: Bomba | R28: =VLOOKUP(Q28,Localizacoes!$I$3:$J$100,2,FALSE) -> BOM | S28: =VLOOKUP(Q28,ID!$I$3:$J$100,2,FALSE) -> BOM | T28: 08 | U28: Mecânica | V28: INKOA | W28: INGERSOLL DRESSER Pumps* 72230 ARDGE- France* Ano Fabrico: 2000. Type: 400LNN725* Peso: 2500 Kg* S/N: Sp17200260-02* 980 RPM* 3400m3/h* H: 65 m* P/0MA* A48CL40* L06790* Rolamentos DE e NDE: 6221 C3* Tamp: 02102-937.R1* Base: 02101-937.R1* | Y28: Operacional | Z28: =Q28&" "& T28 -> Bomba 08 | AD28: Mensal | AF28: =_xlfn.CONCAT(N28,Q28) -> Electrobomba centrífugaBomba | AG28: =VLOOKUP(AF28,Imagens!$C$2:$D$42,2,FALSE) -> 65e96125c1d11 | AH28: =_xlfn.CONCAT(Imagens!$H$2,'registo_ativo-CDs (1)'!AG28) -> assets/imagens/products/65e96125c1d11 | AI28: 45310
A29: =LEN(B29) -> 15 | B29: =CONCATENATE(G29,J29,M29,P29,S29,T29) -> CD28BBG131MOT08 | C29: =CONCATENATE(F29, "-", I29, "-", L29, "-", O29, "-", R29, "-", T29) -> CD-CHA-BBG-EBC-MOT-08 | E29: Centro distribuidor | F29: =VLOOKUP(E29,Localizacoes!$A$3:$B$100,2,FALSE) -> CD | G29: =VLOOKUP(E29,ID!$A$3:$B$100,2,FALSE) -> CD | H29: Chamanculo | I29: =VLOOKUP(H29,Localizacoes!$C$3:$D$100,2,FALSE) -> CHA | J29: =VLOOKUP(H29,ID!$C$3:$D$100,2,FALSE) -> 28 | K29: Bombagem | L29: =VLOOKUP(K29,Localizacoes!$E$3:$F$100,2,FALSE) -> BBG | M29: =VLOOKUP(K29,ID!$E$3:$F$100,2,FALSE) -> BBG | N29: Electrobomba centrífuga | O29: =VLOOKUP(N29,Localizacoes!$G$3:$H$100,2,FALSE) -> EBC | P29: =VLOOKUP(N29,ID!$G$3:$H$100,2,FALSE) -> 131 | Q29: Motor | R29: =VLOOKUP(Q29,Localizacoes!$I$3:$J$100,2,FALSE) -> MOT | S29: =VLOOKUP(Q29,ID!$I$3:$J$100,2,FALSE) -> MOT | T29: 08 | U29: Eléctrica | V29: ALSTOM | W29: ALSTOM; type: F3PXA450L/6; N⁰: 004357001; 2000 RPM; 770 KW;CosΦ: 0.85; IEC; stat: 3000V; 1808 A; ∆T80K; 3˜YCIF; IN01; M1001I. IP23; Temp: 40⁰C; F50HZ; 4300 KG. *Rolamento ZE N320MC3 | Y29: Operacional | Z29: =Q29&" "& T29 -> Motor 08 | AD29: Mensal | AF29: =_xlfn.CONCAT(N29,Q29) -> Electrobomba centrífugaMotor | AG29: =VLOOKUP(AF29,Imagens!$C$2:$D$42,2,FALSE) -> 65d04210323a4 | AH29: =_xlfn.CONCAT(Imagens!$H$2,'registo_ativo-CDs (1)'!AG29) -> assets/imagens/products/65d04210323a4 | AI29: 45310
A30: =LEN(B30) -> 15 | B30: =CONCATENATE(G30,J30,M30,P30,S30,T30) -> CD28BBG131QEA08 | C30: =CONCATENATE(F30, "-", I30, "-", L30, "-", O30, "-", R30, "-", T30) -> CD-CHA-BBG-EBC-QEA-08 | E30: Centro distribuidor | F30: =VLOOKUP(E30,Localizacoes!$A$3:$B$100,2,FALSE) -> CD | G30: =VLOOKUP(E30,ID!$A$3:$B$100,2,FALSE) -> CD | H30: Chamanculo | I30: =VLOOKUP(H30,Localizacoes!$C$3:$D$100,2,FALSE) -> CHA | J30: =VLOOKUP(H30,ID!$C$3:$D$100,2,FALSE) -> 28 | K30: Bombagem | L30: =VLOOKUP(K30,Localizacoes!$E$3:$F$100,2,FALSE) -> BBG | M30: =VLOOKUP(K30,ID!$E$3:$F$100,2,FALSE) -> BBG | N30: Electrobomba centrífuga | O30: =VLOOKUP(N30,Localizacoes!$G$3:$H$100,2,FALSE) -> EBC | P30: =VLOOKUP(N30,ID!$G$3:$H$100,2,FALSE) -> 131 | Q30: Quadros Eléctricos de Arranque | R30: =VLOOKUP(Q30,Localizacoes!$I$3:$J$100,2,FALSE) -> QEA | S30: =VLOOKUP(Q30,ID!$I$3:$J$100,2,FALSE) -> QEA | T30: 08 | U30: Eléctrica | X30: Critico | Y30: Operacional | Z30: =Q30&" "& T30 -> Quadros Eléctricos de Arranque 08 | AD30: Trimestral | AF30: =_xlfn.CONCAT(N30,Q30) -> Electrobomba centrífugaQuadros Eléctricos de Arranque | AG30: =VLOOKUP(AF30,Imagens!$C$2:$D$42,2,FALSE) -> 65e8d2fa35c12 | AH30: =_xlfn.CONCAT(Imagens!$H$2,'registo_ativo-CDs (1)'!AG30) -> assets/imagens/products/65e8d2fa35c12 | AI30: 45366
A31: =LEN(B31) -> 15 | B31: =CONCATENATE(G31,J31,M31,P31,S31,T31) -> CD28BBG131VSU08 | C31: =CONCATENATE(F31, "-", I31, "-", L31, "-", O31, "-", R31, "-", T31) -> CD-CHA-BBG-EBC-VSU-08 | E31: Centro distribuidor | F31: =VLOOKUP(E31,Localizacoes!$A$3:$B$100,2,FALSE) -> CD | G31: =VLOOKUP(E31,ID!$A$3:$B$100,2,FALSE) -> CD | H31: Chamanculo | I31: =VLOOKUP(H31,Localizacoes!$C$3:$D$100,2,FALSE) -> CHA | J31: =VLOOKUP(H31,ID!$C$3:$D$100,2,FALSE) -> 28 | K31: Bombagem | L31: =VLOOKUP(K31,Localizacoes!$E$3:$F$100,2,FALSE) -> BBG | M31: =VLOOKUP(K31,ID!$E$3:$F$100,2,FALSE) -> BBG | N31: Electrobomba centrífuga | O31: =VLOOKUP(N31,Localizacoes!$G$3:$H$100,2,FALSE) -> EBC | P31: =VLOOKUP(N31,ID!$G$3:$H$100,2,FALSE) -> 131 | Q31: Válvula Sucção | R31: =VLOOKUP(Q31,Localizacoes!$I$3:$J$100,2,FALSE) -> VSU | S31: =VLOOKUP(Q31,ID!$I$3:$J$100,2,FALSE) -> VSU | T31: 08 | U31: Mecânica | W31: Type: AD0063-2/80* Art: 2011/892* N⁰: 3700MM36216* 50 Hz* cosΦ: 0.80* IP67* 2800M* IEC85* INSUL. CL. F 3˜400V. 1.5 Km* | Y31: Operacional | Z31: =Q31&" "& T31 -> Válvula Sucção 08 | AD31: Trimestral | AF31: =_xlfn.CONCAT(N31,Q31) -> Electrobomba centrífugaVálvula Sucção | AG31: =VLOOKUP(AF31,Imagens!$C$2:$D$42,2,FALSE) -> 65e8cda0676b7 | AH31: =_xlfn.CONCAT(Imagens!$H$2,'registo_ativo-CDs (1)'!AG31) -> assets/imagens/products/65e8cda0676b7 | AI31: 45366
A32: =LEN(B32) -> 15 | B32: =CONCATENATE(G32,J32,M32,P32,S32,T32) -> CD28BBG131VDE08 | C32: =CONCATENATE(F32, "-", I32, "-", L32, "-", O32, "-", R32, "-", T32) -> CD-CHA-BBG-EBC-VDE-08 | E32: Centro distribuidor | F32: =VLOOKUP(E32,Localizacoes!$A$3:$B$100,2,FALSE) -> CD | G32: =VLOOKUP(E32,ID!$A$3:$B$100,2,FALSE) -> CD | H32: Chamanculo | I32: =VLOOKUP(H32,Localizacoes!$C$3:$D$100,2,FALSE) -> CHA | J32: =VLOOKUP(H32,ID!$C$3:$D$100,2,FALSE) -> 28 | K32: Bombagem | L32: =VLOOKUP(K32,Localizacoes!$E$3:$F$100,2,FALSE) -> BBG | M32: =VLOOKUP(K32,ID!$E$3:$F$100,2,FALSE) -> BBG | N32: Electrobomba centrífuga | O32: =VLOOKUP(N32,Localizacoes!$G$3:$H$100,2,FALSE) -> EBC | P32: =VLOOKUP(N32,ID!$G$3:$H$100,2,FALSE) -> 131 | Q32: Válvula Descarga | R32: =VLOOKUP(Q32,Localizacoes!$I$3:$J$100,2,FALSE) -> VDE | S32: =VLOOKUP(Q32,ID!$I$3:$J$100,2,FALSE) -> VDE | T32: 08 | U32: Mecânica | Y32: Operacional | Z32: =Q32&" "& T32 -> Válvula Descarga 08 | AD32: Trimestral | AF32: =_xlfn.CONCAT(N32,Q32) -> Electrobomba centrífugaVálvula Descarga | AG32: =VLOOKUP(AF32,Imagens!$C$2:$D$42,2,FALSE) -> 65e8cda0676b7 | AH32: =_xlfn.CONCAT(Imagens!$H$2,'registo_ativo-CDs (1)'!AG32) -> assets/imagens/products/65e8cda0676b7 | AI32: 45366
A33: =LEN(B33) -> 15 | B33: =CONCATENATE(G33,J33,M33,P33,S33,T33) -> CD28BBG131BOM09 | C33: =CONCATENATE(F33, "-", I33, "-", L33, "-", O33, "-", R33, "-", T33) -> CD-CHA-BBG-EBC-BOM-09 | E33: Centro distribuidor | F33: =VLOOKUP(E33,Localizacoes!$A$3:$B$100,2,FALSE) -> CD | G33: =VLOOKUP(E33,ID!$A$3:$B$100,2,FALSE) -> CD | H33: Chamanculo | I33: =VLOOKUP(H33,Localizacoes!$C$3:$D$100,2,FALSE) -> CHA | J33: =VLOOKUP(H33,ID!$C$3:$D$100,2,FALSE) -> 28 | K33: Bombagem | L33: =VLOOKUP(K33,Localizacoes!$E$3:$F$100,2,FALSE) -> BBG | M33: =VLOOKUP(K33,ID!$E$3:$F$100,2,FALSE) -> BBG | N33: Electrobomba centrífuga | O33: =VLOOKUP(N33,Localizacoes!$G$3:$H$100,2,FALSE) -> EBC | P33: =VLOOKUP(N33,ID!$G$3:$H$100,2,FALSE) -> 131 | Q33: Bomba | R33: =VLOOKUP(Q33,Localizacoes!$I$3:$J$100,2,FALSE) -> BOM | S33: =VLOOKUP(Q33,ID!$I$3:$J$100,2,FALSE) -> BOM | T33: 09 | U33: Mecânica | V33: GRUNDFOS | W33: TP 300-670/4 A-F-B-DBUE* Model: A96639190 P2064900163* Q:1300m³/h* H:50 m* F:1488 RPM* P/T: 25/40 Bar/⁰Cmax* CE96145329* 96106185* S400-18* VDP P156 30* ; 50.9m* | Y33: Operacional | Z33: =Q33&" "& T33 -> Bomba 09 | AA33: 2007 | AD33: Mensal | AF33: =_xlfn.CONCAT(N33,Q33) -> Electrobomba centrífugaBomba | AG33: =VLOOKUP(AF33,Imagens!$C$2:$D$42,2,FALSE) -> 65e96125c1d11 | AH33: =_xlfn.CONCAT(Imagens!$H$2,'registo_ativo-CDs (1)'!AG33) -> assets/imagens/products/65e96125c1d11 | AI33: 45310
A34: =LEN(B34) -> 15 | B34: =CONCATENATE(G34,J34,M34,P34,S34,T34) -> CD28BBG131MOT09 | C34: =CONCATENATE(F34, "-", I34, "-", L34, "-", O34, "-", R34, "-", T34) -> CD-CHA-BBG-EBC-MOT-09 | E34: Centro distribuidor | F34: =VLOOKUP(E34,Localizacoes!$A$3:$B$100,2,FALSE) -> CD | G34: =VLOOKUP(E34,ID!$A$3:$B$100,2,FALSE) -> CD | H34: Chamanculo | I34: =VLOOKUP(H34,Localizacoes!$C$3:$D$100,2,FALSE) -> CHA | J34: =VLOOKUP(H34,ID!$C$3:$D$100,2,FALSE) -> 28 | K34: Bombagem | L34: =VLOOKUP(K34,Localizacoes!$E$3:$F$100,2,FALSE) -> BBG | M34: =VLOOKUP(K34,ID!$E$3:$F$100,2,FALSE) -> BBG | N34: Electrobomba centrífuga | O34: =VLOOKUP(N34,Localizacoes!$G$3:$H$100,2,FALSE) -> EBC | P34: =VLOOKUP(N34,ID!$G$3:$H$100,2,FALSE) -> 131 | Q34: Motor | R34: =VLOOKUP(Q34,Localizacoes!$I$3:$J$100,2,FALSE) -> MOT | S34: =VLOOKUP(Q34,ID!$I$3:$J$100,2,FALSE) -> MOT | T34: 09 | U34: Eléctrica | V34: SIEMENS | W34: 220v-240v; 60 hz;3000Υ; D-90441; 60 A; Kw 250; cosΦ:0.84. 1480 rpm. 3̃ ˜Mot. 1LA4.312- 4AN34-Z; rotor: SQUCQGE; THCI/6. IP55. N⁰: N-UN1188395010003 12006IMV1.* Rolamento 6218 & 6220 | Y34: Operacional | Z34: =Q34&" "& T34 -> Motor 09 | AA34: 2007 | AD34: Mensal | AF34: =_xlfn.CONCAT(N34,Q34) -> Electrobomba centrífugaMotor | AG34: =VLOOKUP(AF34,Imagens!$C$2:$D$42,2,FALSE) -> 65d04210323a4 | AH34: =_xlfn.CONCAT(Imagens!$H$2,'registo_ativo-CDs (1)'!AG34) -> assets/imagens/products/65d04210323a4 | AI34: 45310
A35: =LEN(B35) -> 15 | B35: =CONCATENATE(G35,J35,M35,P35,S35,T35) -> CD28BBG131QEA09 | C35: =CONCATENATE(F35, "-", I35, "-", L35, "-", O35, "-", R35, "-", T35) -> CD-CHA-BBG-EBC-QEA-09 | E35: Centro distribuidor | F35: =VLOOKUP(E35,Localizacoes!$A$3:$B$100,2,FALSE) -> CD | G35: =VLOOKUP(E35,ID!$A$3:$B$100,2,FALSE) -> CD | H35: Chamanculo | I35: =VLOOKUP(H35,Localizacoes!$C$3:$D$100,2,FALSE) -> CHA | J35: =VLOOKUP(H35,ID!$C$3:$D$100,2,FALSE) -> 28 | K35: Bombagem | L35: =VLOOKUP(K35,Localizacoes!$E$3:$F$100,2,FALSE) -> BBG | M35: =VLOOKUP(K35,ID!$E$3:$F$100,2,FALSE) -> BBG | N35: Electrobomba centrífuga | O35: =VLOOKUP(N35,Localizacoes!$G$3:$H$100,2,FALSE) -> EBC | P35: =VLOOKUP(N35,ID!$G$3:$H$100,2,FALSE) -> 131 | Q35: Quadros Eléctricos de Arranque | R35: =VLOOKUP(Q35,Localizacoes!$I$3:$J$100,2,FALSE) -> QEA | S35: =VLOOKUP(Q35,ID!$I$3:$J$100,2,FALSE) -> QEA | T35: 09 | U35: Eléctrica | Y35: Operacional | Z35: =Q35&" "& T35 -> Quadros Eléctricos de Arranque 09 | AA35: 2007 | AD35: Trimestral | AF35: =_xlfn.CONCAT(N35,Q35) -> Electrobomba centrífugaQuadros Eléctricos de Arranque | AG35: =VLOOKUP(AF35,Imagens!$C$2:$D$42,2,FALSE) -> 65e8d2fa35c12 | AH35: =_xlfn.CONCAT(Imagens!$H$2,'registo_ativo-CDs (1)'!AG35) -> assets/imagens/products/65e8d2fa35c12 | AI35: 45366
A36: =LEN(B36) -> 15 | B36: =CONCATENATE(G36,J36,M36,P36,S36,T36) -> CD28BBG131VSU09 | C36: =CONCATENATE(F36, "-", I36, "-", L36, "-", O36, "-", R36, "-", T36) -> CD-CHA-BBG-EBC-VSU-09 | E36: Centro distribuidor | F36: =VLOOKUP(E36,Localizacoes!$A$3:$B$100,2,FALSE) -> CD | G36: =VLOOKUP(E36,ID!$A$3:$B$100,2,FALSE) -> CD | H36: Chamanculo | I36: =VLOOKUP(H36,Localizacoes!$C$3:$D$100,2,FALSE) -> CHA | J36: =VLOOKUP(H36,ID!$C$3:$D$100,2,FALSE) -> 28 | K36: Bombagem | L36: =VLOOKUP(K36,Localizacoes!$E$3:$F$100,2,FALSE) -> BBG | M36: =VLOOKUP(K36,ID!$E$3:$F$100,2,FALSE) -> BBG | N36: Electrobomba centrífuga | O36: =VLOOKUP(N36,Localizacoes!$G$3:$H$100,2,FALSE) -> EBC | P36: =VLOOKUP(N36,ID!$G$3:$H$100,2,FALSE) -> 131 | Q36: Válvula Sucção | R36: =VLOOKUP(Q36,Localizacoes!$I$3:$J$100,2,FALSE) -> VSU | S36: =VLOOKUP(Q36,ID!$I$3:$J$100,2,FALSE) -> VSU | T36: 09 | U36: Mecânica | W36: Type: SZ45T-16* ZAY882* T1ANSNGGV. DN 450* PN16/855150* | Y36: Operacional | Z36: =Q36&" "& T36 -> Válvula Sucção 09 | AA36: 2007 | AD36: Trimestral | AF36: =_xlfn.CONCAT(N36,Q36) -> Electrobomba centrífugaVálvula Sucção | AG36: =VLOOKUP(AF36,Imagens!$C$2:$D$42,2,FALSE) -> 65e8cda0676b7 | AH36: =_xlfn.CONCAT(Imagens!$H$2,'registo_ativo-CDs (1)'!AG36) -> assets/imagens/products/65e8cda0676b7 | AI36: 45366
A37: =LEN(B37) -> 15 | B37: =CONCATENATE(G37,J37,M37,P37,S37,T37) -> CD28BBG131VDE09 | C37: =CONCATENATE(F37, "-", I37, "-", L37, "-", O37, "-", R37, "-", T37) -> CD-CHA-BBG-EBC-VDE-09 | E37: Centro distribuidor | F37: =VLOOKUP(E37,Localizacoes!$A$3:$B$100,2,FALSE) -> CD | G37: =VLOOKUP(E37,ID!$A$3:$B$100,2,FALSE) -> CD | H37: Chamanculo | I37: =VLOOKUP(H37,Localizacoes!$C$3:$D$100,2,FALSE) -> CHA | J37: =VLOOKUP(H37,ID!$C$3:$D$100,2,FALSE) -> 28 | K37: Bombagem | L37: =VLOOKUP(K37,Localizacoes!$E$3:$F$100,2,FALSE) -> BBG | M37: =VLOOKUP(K37,ID!$E$3:$F$100,2,FALSE) -> BBG | N37: Electrobomba centrífuga | O37: =VLOOKUP(N37,Localizacoes!$G$3:$H$100,2,FALSE) -> EBC | P37: =VLOOKUP(N37,ID!$G$3:$H$100,2,FALSE) -> 131 | Q37: Válvula Descarga | R37: =VLOOKUP(Q37,Localizacoes!$I$3:$J$100,2,FALSE) -> VDE | S37: =VLOOKUP(Q37,ID!$I$3:$J$100,2,FALSE) -> VDE | T37: 09 | U37: Mecânica | W37: Type: 1024VB* Number Product: 2006/09* GEAR Rabie: 812. Max. Toque: 2500-4100N/m. | Y37: Operacional | Z37: =Q37&" "& T37 -> Válvula Descarga 09 | AA37: 2007 | AD37: Trimestral | AF37: =_xlfn.CONCAT(N37,Q37) -> Electrobomba centrífugaVálvula Descarga | AG37: =VLOOKUP(AF37,Imagens!$C$2:$D$42,2,FALSE) -> 65e8cda0676b7 | AH37: =_xlfn.CONCAT(Imagens!$H$2,'registo_ativo-CDs (1)'!AG37) -> assets/imagens/products/65e8cda0676b7 | AI37: 45366
A38: =LEN(B38) -> 15 | B38: =CONCATENATE(G38,J38,M38,P38,S38,T38) -> CD28BBG131BOM10 | C38: =CONCATENATE(F38, "-", I38, "-", L38, "-", O38, "-", R38, "-", T38) -> CD-CHA-BBG-EBC-BOM-10 | E38: Centro distribuidor | F38: =VLOOKUP(E38,Localizacoes!$A$3:$B$100,2,FALSE) -> CD | G38: =VLOOKUP(E38,ID!$A$3:$B$100,2,FALSE) -> CD | H38: Chamanculo | I38: =VLOOKUP(H38,Localizacoes!$C$3:$D$100,2,FALSE) -> CHA | J38: =VLOOKUP(H38,ID!$C$3:$D$100,2,FALSE) -> 28 | K38: Bombagem | L38: =VLOOKUP(K38,Localizacoes!$E$3:$F$100,2,FALSE) -> BBG | M38: =VLOOKUP(K38,ID!$E$3:$F$100,2,FALSE) -> BBG | N38: Electrobomba centrífuga | O38: =VLOOKUP(N38,Localizacoes!$G$3:$H$100,2,FALSE) -> EBC | P38: =VLOOKUP(N38,ID!$G$3:$H$100,2,FALSE) -> 131 | Q38: Bomba | R38: =VLOOKUP(Q38,Localizacoes!$I$3:$J$100,2,FALSE) -> BOM | S38: =VLOOKUP(Q38,ID!$I$3:$J$100,2,FALSE) -> BOM | T38: 10 | U38: Mecânica | V38: GRUNDFOS | W38: TP 300-670/4 A-F-B-DBUE* Model: A96639190 P2064900163* Q:1300m³/h* H:50 m* F:1488 RPM* P/T: 25/40 Bar/⁰Cmax* CE96145329* 96106185* S400-18* VDP P156 30* ; 50.9m* | Y38: Operacional | Z38: =Q38&" "& T38 -> Bomba 10 | AA38: 2007 | AD38: Mensal | AF38: =_xlfn.CONCAT(N38,Q38) -> Electrobomba centrífugaBomba | AG38: =VLOOKUP(AF38,Imagens!$C$2:$D$42,2,FALSE) -> 65e96125c1d11 | AH38: =_xlfn.CONCAT(Imagens!$H$2,'registo_ativo-CDs (1)'!AG38) -> assets/imagens/products/65e96125c1d11 | AI38: 45310
A39: =LEN(B39) -> 15 | B39: =CONCATENATE(G39,J39,M39,P39,S39,T39) -> CD28BBG131MOT10 | C39: =CONCATENATE(F39, "-", I39, "-", L39, "-", O39, "-", R39, "-", T39) -> CD-CHA-BBG-EBC-MOT-10 | E39: Centro distribuidor | F39: =VLOOKUP(E39,Localizacoes!$A$3:$B$100,2,FALSE) -> CD | G39: =VLOOKUP(E39,ID!$A$3:$B$100,2,FALSE) -> CD | H39: Chamanculo | I39: =VLOOKUP(H39,Localizacoes!$C$3:$D$100,2,FALSE) -> CHA | J39: =VLOOKUP(H39,ID!$C$3:$D$100,2,FALSE) -> 28 | K39: Bombagem | L39: =VLOOKUP(K39,Localizacoes!$E$3:$F$100,2,FALSE) -> BBG | M39: =VLOOKUP(K39,ID!$E$3:$F$100,2,FALSE) -> BBG | N39: Electrobomba centrífuga | O39: =VLOOKUP(N39,Localizacoes!$G$3:$H$100,2,FALSE) -> EBC | P39: =VLOOKUP(N39,ID!$G$3:$H$100,2,FALSE) -> 131 | Q39: Motor | R39: =VLOOKUP(Q39,Localizacoes!$I$3:$J$100,2,FALSE) -> MOT | S39: =VLOOKUP(Q39,ID!$I$3:$J$100,2,FALSE) -> MOT | T39: 10 | U39: Eléctrica | V39: SIEMENS | W39: 220v-240v; 60 hz;3000Υ; D-90441; 60 A; Kw 250; cosΦ:0.84. 1480 rpm. 3̃ ˜Mot. 1LA4.312- 4AN34-Z; rotor: SQUCQGE; THCI/6. IP55. N⁰: N-UN1188395010003 12006IMV1.* Rolamento 6218 & 6220 | X39: Critico | Y39: Operacional | Z39: =Q39&" "& T39 -> Motor 10 | AA39: 2007 | AD39: Mensal | AF39: =_xlfn.CONCAT(N39,Q39) -> Electrobomba centrífugaMotor | AG39: =VLOOKUP(AF39,Imagens!$C$2:$D$42,2,FALSE) -> 65d04210323a4 | AH39: =_xlfn.CONCAT(Imagens!$H$2,'registo_ativo-CDs (1)'!AG39) -> assets/imagens/products/65d04210323a4 | AI39: 45310
A40: =LEN(B40) -> 15 | B40: =CONCATENATE(G40,J40,M40,P40,S40,T40) -> CD28BBG131QEA10 | C40: =CONCATENATE(F40, "-", I40, "-", L40, "-", O40, "-", R40, "-", T40) -> CD-CHA-BBG-EBC-QEA-10 | E40: Centro distribuidor | F40: =VLOOKUP(E40,Localizacoes!$A$3:$B$100,2,FALSE) -> CD | G40: =VLOOKUP(E40,ID!$A$3:$B$100,2,FALSE) -> CD | H40: Chamanculo | I40: =VLOOKUP(H40,Localizacoes!$C$3:$D$100,2,FALSE) -> CHA | J40: =VLOOKUP(H40,ID!$C$3:$D$100,2,FALSE) -> 28 | K40: Bombagem | L40: =VLOOKUP(K40,Localizacoes!$E$3:$F$100,2,FALSE) -> BBG | M40: =VLOOKUP(K40,ID!$E$3:$F$100,2,FALSE) -> BBG | N40: Electrobomba centrífuga | O40: =VLOOKUP(N40,Localizacoes!$G$3:$H$100,2,FALSE) -> EBC | P40: =VLOOKUP(N40,ID!$G$3:$H$100,2,FALSE) -> 131 | Q40: Quadros Eléctricos de Arranque | R40: =VLOOKUP(Q40,Localizacoes!$I$3:$J$100,2,FALSE) -> QEA | S40: =VLOOKUP(Q40,ID!$I$3:$J$100,2,FALSE) -> QEA | T40: 10 | U40: Eléctrica | Y40: Operacional | Z40: =Q40&" "& T40 -> Quadros Eléctricos de Arranque 10 | AA40: 2007 | AD40: Trimestral | AF40: =_xlfn.CONCAT(N40,Q40) -> Electrobomba centrífugaQuadros Eléctricos de Arranque | AG40: =VLOOKUP(AF40,Imagens!$C$2:$D$42,2,FALSE) -> 65e8d2fa35c12 | AH40: =_xlfn.CONCAT(Imagens!$H$2,'registo_ativo-CDs (1)'!AG40) -> assets/imagens/products/65e8d2fa35c12 | AI40: 45366
A41: =LEN(B41) -> 15 | B41: =CONCATENATE(G41,J41,M41,P41,S41,T41) -> CD28BBG131VSU10 | C41: =CONCATENATE(F41, "-", I41, "-", L41, "-", O41, "-", R41, "-", T41) -> CD-CHA-BBG-EBC-VSU-10 | E41: Centro distribuidor | F41: =VLOOKUP(E41,Localizacoes!$A$3:$B$100,2,FALSE) -> CD | G41: =VLOOKUP(E41,ID!$A$3:$B$100,2,FALSE) -> CD | H41: Chamanculo | I41: =VLOOKUP(H41,Localizacoes!$C$3:$D$100,2,FALSE) -> CHA | J41: =VLOOKUP(H41,ID!$C$3:$D$100,2,FALSE) -> 28 | K41: Bombagem | L41: =VLOOKUP(K41,Localizacoes!$E$3:$F$100,2,FALSE) -> BBG | M41: =VLOOKUP(K41,ID!$E$3:$F$100,2,FALSE) -> BBG | N41: Electrobomba centrífuga | O41: =VLOOKUP(N41,Localizacoes!$G$3:$H$100,2,FALSE) -> EBC | P41: =VLOOKUP(N41,ID!$G$3:$H$100,2,FALSE) -> 131 | Q41: Válvula Sucção | R41: =VLOOKUP(Q41,Localizacoes!$I$3:$J$100,2,FALSE) -> VSU | S41: =VLOOKUP(Q41,ID!$I$3:$J$100,2,FALSE) -> VSU | T41: 10 | U41: Mecânica | W41: Type: 4024VB* Number Product: 19300* VQ5A* | Y41: Operacional | Z41: =Q41&" "& T41 -> Válvula Sucção 10 | AA41: 2007 | AD41: Trimestral | AF41: =_xlfn.CONCAT(N41,Q41) -> Electrobomba centrífugaVálvula Sucção | AG41: =VLOOKUP(AF41,Imagens!$C$2:$D$42,2,FALSE) -> 65e8cda0676b7 | AH41: =_xlfn.CONCAT(Imagens!$H$2,'registo_ativo-CDs (1)'!AG41) -> assets/imagens/products/65e8cda0676b7 | AI41: 45366
A42: =LEN(B42) -> 15 | B42: =CONCATENATE(G42,J42,M42,P42,S42,T42) -> CD28BBG131VDE10 | C42: =CONCATENATE(F42, "-", I42, "-", L42, "-", O42, "-", R42, "-", T42) -> CD-CHA-BBG-EBC-VDE-10 | E42: Centro distribuidor | F42: =VLOOKUP(E42,Localizacoes!$A$3:$B$100,2,FALSE) -> CD | G42: =VLOOKUP(E42,ID!$A$3:$B$100,2,FALSE) -> CD | H42: Chamanculo | I42: =VLOOKUP(H42,Localizacoes!$C$3:$D$100,2,FALSE) -> CHA | J42: =VLOOKUP(H42,ID!$C$3:$D$100,2,FALSE) -> 28 | K42: Bombagem | L42: =VLOOKUP(K42,Localizacoes!$E$3:$F$100,2,FALSE) -> BBG | M42: =VLOOKUP(K42,ID!$E$3:$F$100,2,FALSE) -> BBG | N42: Electrobomba centrífuga | O42: =VLOOKUP(N42,Localizacoes!$G$3:$H$100,2,FALSE) -> EBC | P42: =VLOOKUP(N42,ID!$G$3:$H$100,2,FALSE) -> 131 | Q42: Válvula Descarga | R42: =VLOOKUP(Q42,Localizacoes!$I$3:$J$100,2,FALSE) -> VDE | S42: =VLOOKUP(Q42,ID!$I$3:$J$100,2,FALSE) -> VDE | T42: 10 | U42: Mecânica | Y42: Operacional | Z42: =Q42&" "& T42 -> Válvula Descarga 10 | AA42: 2007 | AD42: Trimestral | AF42: =_xlfn.CONCAT(N42,Q42) -> Electrobomba centrífugaVálvula Descarga | AG42: =VLOOKUP(AF42,Imagens!$C$2:$D$42,2,FALSE) -> 65e8cda0676b7 | AH42: =_xlfn.CONCAT(Imagens!$H$2,'registo_ativo-CDs (1)'!AG42) -> assets/imagens/products/65e8cda0676b7 | AI42: 45366
A43: =LEN(B43) -> 15 | B43: =CONCATENATE(G43,J43,M43,P43,S43,T43) -> CD28BBG131BOM11 | C43: =CONCATENATE(F43, "-", I43, "-", L43, "-", O43, "-", R43, "-", T43) -> CD-CHA-BBG-EBC-BOM-11 | E43: Centro distribuidor | F43: =VLOOKUP(E43,Localizacoes!$A$3:$B$100,2,FALSE) -> CD | G43: =VLOOKUP(E43,ID!$A$3:$B$100,2,FALSE) -> CD | H43: Chamanculo | I43: =VLOOKUP(H43,Localizacoes!$C$3:$D$100,2,FALSE) -> CHA | J43: =VLOOKUP(H43,ID!$C$3:$D$100,2,FALSE) -> 28 | K43: Bombagem | L43: =VLOOKUP(K43,Localizacoes!$E$3:$F$100,2,FALSE) -> BBG | M43: =VLOOKUP(K43,ID!$E$3:$F$100,2,FALSE) -> BBG | N43: Electrobomba centrífuga | O43: =VLOOKUP(N43,Localizacoes!$G$3:$H$100,2,FALSE) -> EBC | P43: =VLOOKUP(N43,ID!$G$3:$H$100,2,FALSE) -> 131 | Q43: Bomba | R43: =VLOOKUP(Q43,Localizacoes!$I$3:$J$100,2,FALSE) -> BOM | S43: =VLOOKUP(Q43,ID!$I$3:$J$100,2,FALSE) -> BOM | T43: 11 | U43: Mecânica | V43: GRUNDFOS | W43: TP 300-670/4 A-F-B-DBUE* Model: A96639190 P2064900163* Q:1300m³/h* H:50 m* F:1488 RPM* P/T: 25/40 Bar/⁰Cmax* CE96145329* 96106185* S400-18* VDP P156 30* ; 50.9m* | Y43: Operacional | Z43: =Q43&" "& T43 -> Bomba 11 | AA43: 2007 | AD43: Mensal | AF43: =_xlfn.CONCAT(N43,Q43) -> Electrobomba centrífugaBomba | AG43: =VLOOKUP(AF43,Imagens!$C$2:$D$42,2,FALSE) -> 65e96125c1d11 | AH43: =_xlfn.CONCAT(Imagens!$H$2,'registo_ativo-CDs (1)'!AG43) -> assets/imagens/products/65e96125c1d11 | AI43: 45310
A44: =LEN(B44) -> 15 | B44: =CONCATENATE(G44,J44,M44,P44,S44,T44) -> CD28BBG131MOT11 | C44: =CONCATENATE(F44, "-", I44, "-", L44, "-", O44, "-", R44, "-", T44) -> CD-CHA-BBG-EBC-MOT-11 | E44: Centro distribuidor | F44: =VLOOKUP(E44,Localizacoes!$A$3:$B$100,2,FALSE) -> CD | G44: =VLOOKUP(E44,ID!$A$3:$B$100,2,FALSE) -> CD | H44: Chamanculo | I44: =VLOOKUP(H44,Localizacoes!$C$3:$D$100,2,FALSE) -> CHA | J44: =VLOOKUP(H44,ID!$C$3:$D$100,2,FALSE) -> 28 | K44: Bombagem | L44: =VLOOKUP(K44,Localizacoes!$E$3:$F$100,2,FALSE) -> BBG | M44: =VLOOKUP(K44,ID!$E$3:$F$100,2,FALSE) -> BBG | N44: Electrobomba centrífuga | O44: =VLOOKUP(N44,Localizacoes!$G$3:$H$100,2,FALSE) -> EBC | P44: =VLOOKUP(N44,ID!$G$3:$H$100,2,FALSE) -> 131 | Q44: Motor | R44: =VLOOKUP(Q44,Localizacoes!$I$3:$J$100,2,FALSE) -> MOT | S44: =VLOOKUP(Q44,ID!$I$3:$J$100,2,FALSE) -> MOT | T44: 11 | U44: Eléctrica | V44: SIEMENS | W44: 220v-240v; 60 hz;3000Υ; D-90441; 60 A; Kw 250; cosΦ:0.84. 1480 rpm. 3̃ ˜Mot. 1LA4.312- 4AN34-Z; rotor: SQUCQGE; THCI/6. IP55. N⁰: N-UN1188395010003 12006IMV1.* Rolamento 6218 & 6220 | Y44: Operacional | Z44: =Q44&" "& T44 -> Motor 11 | AA44: 2007 | AD44: Mensal | AF44: =_xlfn.CONCAT(N44,Q44) -> Electrobomba centrífugaMotor | AG44: =VLOOKUP(AF44,Imagens!$C$2:$D$42,2,FALSE) -> 65d04210323a4 | AH44: =_xlfn.CONCAT(Imagens!$H$2,'registo_ativo-CDs (1)'!AG44) -> assets/imagens/products/65d04210323a4 | AI44: 45310
A45: =LEN(B45) -> 15 | B45: =CONCATENATE(G45,J45,M45,P45,S45,T45) -> CD28BBG131QEA11 | C45: =CONCATENATE(F45, "-", I45, "-", L45, "-", O45, "-", R45, "-", T45) -> CD-CHA-BBG-EBC-QEA-11 | E45: Centro distribuidor | F45: =VLOOKUP(E45,Localizacoes!$A$3:$B$100,2,FALSE) -> CD | G45: =VLOOKUP(E45,ID!$A$3:$B$100,2,FALSE) -> CD | H45: Chamanculo | I45: =VLOOKUP(H45,Localizacoes!$C$3:$D$100,2,FALSE) -> CHA | J45: =VLOOKUP(H45,ID!$C$3:$D$100,2,FALSE) -> 28 | K45: Bombagem | L45: =VLOOKUP(K45,Localizacoes!$E$3:$F$100,2,FALSE) -> BBG | M45: =VLOOKUP(K45,ID!$E$3:$F$100,2,FALSE) -> BBG | N45: Electrobomba centrífuga | O45: =VLOOKUP(N45,Localizacoes!$G$3:$H$100,2,FALSE) -> EBC | P45: =VLOOKUP(N45,ID!$G$3:$H$100,2,FALSE) -> 131 | Q45: Quadros Eléctricos de Arranque | R45: =VLOOKUP(Q45,Localizacoes!$I$3:$J$100,2,FALSE) -> QEA | S45: =VLOOKUP(Q45,ID!$I$3:$J$100,2,FALSE) -> QEA | T45: 11 | U45: Eléctrica | Y45: Operacional | Z45: =Q45&" "& T45 -> Quadros Eléctricos de Arranque 11 | AA45: 2007 | AD45: Trimestral | AF45: =_xlfn.CONCAT(N45,Q45) -> Electrobomba centrífugaQuadros Eléctricos de Arranque | AG45: =VLOOKUP(AF45,Imagens!$C$2:$D$42,2,FALSE) -> 65e8d2fa35c12 | AH45: =_xlfn.CONCAT(Imagens!$H$2,'registo_ativo-CDs (1)'!AG45) -> assets/imagens/products/65e8d2fa35c12 | AI45: 45366
A46: =LEN(B46) -> 15 | B46: =CONCATENATE(G46,J46,M46,P46,S46,T46) -> CD28BBG131VSU11 | C46: =CONCATENATE(F46, "-", I46, "-", L46, "-", O46, "-", R46, "-", T46) -> CD-CHA-BBG-EBC-VSU-11 | E46: Centro distribuidor | F46: =VLOOKUP(E46,Localizacoes!$A$3:$B$100,2,FALSE) -> CD | G46: =VLOOKUP(E46,ID!$A$3:$B$100,2,FALSE) -> CD | H46: Chamanculo | I46: =VLOOKUP(H46,Localizacoes!$C$3:$D$100,2,FALSE) -> CHA | J46: =VLOOKUP(H46,ID!$C$3:$D$100,2,FALSE) -> 28 | K46: Bombagem | L46: =VLOOKUP(K46,Localizacoes!$E$3:$F$100,2,FALSE) -> BBG | M46: =VLOOKUP(K46,ID!$E$3:$F$100,2,FALSE) -> BBG | N46: Electrobomba centrífuga | O46: =VLOOKUP(N46,Localizacoes!$G$3:$H$100,2,FALSE) -> EBC | P46: =VLOOKUP(N46,ID!$G$3:$H$100,2,FALSE) -> 131 | Q46: Válvula Sucção | R46: =VLOOKUP(Q46,Localizacoes!$I$3:$J$100,2,FALSE) -> VSU | S46: =VLOOKUP(Q46,ID!$I$3:$J$100,2,FALSE) -> VSU | T46: 11 | U46: Mecânica | W46: Modelo: 034A3-160* Temperatur: -10+80⁰C* 2500-4100 mm* DAC60 AZ* | Y46: Operacional | Z46: =Q46&" "& T46 -> Válvula Sucção 11 | AA46: 2007 | AD46: Trimestral | AF46: =_xlfn.CONCAT(N46,Q46) -> Electrobomba centrífugaVálvula Sucção | AG46: =VLOOKUP(AF46,Imagens!$C$2:$D$42,2,FALSE) -> 65e8cda0676b7 | AH46: =_xlfn.CONCAT(Imagens!$H$2,'registo_ativo-CDs (1)'!AG46) -> assets/imagens/products/65e8cda0676b7 | AI46: 45366
A47: =LEN(B47) -> 15 | B47: =CONCATENATE(G47,J47,M47,P47,S47,T47) -> CD28BBG131VDE11 | C47: =CONCATENATE(F47, "-", I47, "-", L47, "-", O47, "-", R47, "-", T47) -> CD-CHA-BBG-EBC-VDE-11 | E47: Centro distribuidor | F47: =VLOOKUP(E47,Localizacoes!$A$3:$B$100,2,FALSE) -> CD | G47: =VLOOKUP(E47,ID!$A$3:$B$100,2,FALSE) -> CD | H47: Chamanculo | I47: =VLOOKUP(H47,Localizacoes!$C$3:$D$100,2,FALSE) -> CHA | J47: =VLOOKUP(H47,ID!$C$3:$D$100,2,FALSE) -> 28 | K47: Bombagem | L47: =VLOOKUP(K47,Localizacoes!$E$3:$F$100,2,FALSE) -> BBG | M47: =VLOOKUP(K47,ID!$E$3:$F$100,2,FALSE) -> BBG | N47: Electrobomba centrífuga | O47: =VLOOKUP(N47,Localizacoes!$G$3:$H$100,2,FALSE) -> EBC | P47: =VLOOKUP(N47,ID!$G$3:$H$100,2,FALSE) -> 131 | Q47: Válvula Descarga | R47: =VLOOKUP(Q47,Localizacoes!$I$3:$J$100,2,FALSE) -> VDE | S47: =VLOOKUP(Q47,ID!$I$3:$J$100,2,FALSE) -> VDE | T47: 11 | U47: Mecânica | W47: Type: BSZ45T-1* N⁰: ZAY879* Temp. 1 a 11* 50⁰C* | Y47: Operacional | Z47: =Q47&" "& T47 -> Válvula Descarga 11 | AA47: 2007 | AD47: Trimestral | AF47: =_xlfn.CONCAT(N47,Q47) -> Electrobomba centrífugaVálvula Descarga | AG47: =VLOOKUP(AF47,Imagens!$C$2:$D$42,2,FALSE) -> 65e8cda0676b7 | AH47: =_xlfn.CONCAT(Imagens!$H$2,'registo_ativo-CDs (1)'!AG47) -> assets/imagens/products/65e8cda0676b7 | AI47: 45366
A48: =LEN(B48) -> 15 | B48: =CONCATENATE(G48,J48,M48,P48,S48,T48) -> CD28ECA143PRO01 | C48: =CONCATENATE(F48, "-", I48, "-", L48, "-", O48, "-", R48, "-", T48) -> CD-CHA-ECA-GRU-PRO-01 | E48: Centro distribuidor | F48: =VLOOKUP(E48,Localizacoes!$A$3:$B$100,2,FALSE) -> CD | G48: =VLOOKUP(E48,ID!$A$3:$B$100,2,FALSE) -> CD | H48: Chamanculo | I48: =VLOOKUP(H48,Localizacoes!$C$3:$D$100,2,FALSE) -> CHA | J48: =VLOOKUP(H48,ID!$C$3:$D$100,2,FALSE) -> 28 | K48: Elevação de cargas | L48: =VLOOKUP(K48,Localizacoes!$E$3:$F$100,2,FALSE) -> ECA | M48: =VLOOKUP(K48,ID!$E$3:$F$100,2,FALSE) -> ECA | N48: Grua | O48: =VLOOKUP(N48,Localizacoes!$G$3:$H$100,2,FALSE) -> GRU | P48: =VLOOKUP(N48,ID!$G$3:$H$100,2,FALSE) -> 143 | Q48: Ponte Rolante | R48: =VLOOKUP(Q48,Localizacoes!$I$3:$J$100,2,FALSE) -> PRO | S48: =VLOOKUP(Q48,ID!$I$3:$J$100,2,FALSE) -> PRO | T48: 01 | U48: Mecânica | Y48: Operacional | Z48: =Q48&" "& T48 -> Ponte Rolante 01 | AD48: Semestral | AF48: =_xlfn.CONCAT(N48,Q48) -> GruaPonte Rolante | AG48: =VLOOKUP(AF48,Imagens!$C$2:$D$42,2,FALSE) -> 65c75d2748c4a | AH48: =_xlfn.CONCAT(Imagens!$H$2,'registo_ativo-CDs (1)'!AG48) -> assets/imagens/products/65c75d2748c4a | AI48: 45450
A49: =LEN(B49) -> 15 | B49: =CONCATENATE(G49,J49,M49,P49,S49,T49) -> CD28HTH133MOT02 | C49: =CONCATENATE(F49, "-", I49, "-", L49, "-", O49, "-", R49, "-", T49) -> CD-CHA-HTH-EBD-MOT-02 | E49: Centro distribuidor | F49: =VLOOKUP(E49,Localizacoes!$A$3:$B$100,2,FALSE) -> CD | G49: =VLOOKUP(E49,ID!$A$3:$B$100,2,FALSE) -> CD | H49: Chamanculo | I49: =VLOOKUP(H49,Localizacoes!$C$3:$D$100,2,FALSE) -> CHA | J49: =VLOOKUP(H49,ID!$C$3:$D$100,2,FALSE) -> 28 | K49: Dosagem de Cloro Granular | L49: =VLOOKUP(K49,Localizacoes!$E$3:$F$100,2,FALSE) -> HTH | M49: =VLOOKUP(K49,ID!$E$3:$F$100,2,FALSE) -> HTH | N49: Electrobomba Doseadora de Diafragma | O49: =VLOOKUP(N49,Localizacoes!$G$3:$H$100,2,FALSE) -> EBD | P49: =VLOOKUP(N49,ID!$G$3:$H$100,2,FALSE) -> 133 | Q49: Motor | R49: =VLOOKUP(Q49,Localizacoes!$I$3:$J$100,2,FALSE) -> MOT | S49: =VLOOKUP(Q49,ID!$I$3:$J$100,2,FALSE) -> MOT | T49: 02 | U49: Eléctrica | X49: Critico | Y49: Operacional | Z49: =Q49&" "& T49 -> Motor 02 | AA49: 2024 | AD49: Mensal | AF49: =_xlfn.CONCAT(N49,Q49) -> Electrobomba Doseadora de DiafragmaMotor | AG49: =VLOOKUP(AF49,Imagens!$C$2:$D$42,2,FALSE) -> 65e8d1ea50af1 | AH49: =_xlfn.CONCAT(Imagens!$H$2,'registo_ativo-CDs (1)'!AG49) -> assets/imagens/products/65e8d1ea50af1 | AI49: 45324
A50: =LEN(B50) -> 15 | B50: =CONCATENATE(G50,J50,M50,P50,S50,T50) -> CD28HTH133BOM02 | C50: =CONCATENATE(F50, "-", I50, "-", L50, "-", O50, "-", R50, "-", T50) -> CD-CHA-HTH-EBD-BOM-02 | E50: Centro distribuidor | F50: =VLOOKUP(E50,Localizacoes!$A$3:$B$100,2,FALSE) -> CD | G50: =VLOOKUP(E50,ID!$A$3:$B$100,2,FALSE) -> CD | H50: Chamanculo | I50: =VLOOKUP(H50,Localizacoes!$C$3:$D$100,2,FALSE) -> CHA | J50: =VLOOKUP(H50,ID!$C$3:$D$100,2,FALSE) -> 28 | K50: Dosagem de Cloro Granular | L50: =VLOOKUP(K50,Localizacoes!$E$3:$F$100,2,FALSE) -> HTH | M50: =VLOOKUP(K50,ID!$E$3:$F$100,2,FALSE) -> HTH | N50: Electrobomba Doseadora de Diafragma | O50: =VLOOKUP(N50,Localizacoes!$G$3:$H$100,2,FALSE) -> EBD | P50: =VLOOKUP(N50,ID!$G$3:$H$100,2,FALSE) -> 133 | Q50: Bomba | R50: =VLOOKUP(Q50,Localizacoes!$I$3:$J$100,2,FALSE) -> BOM | S50: =VLOOKUP(Q50,ID!$I$3:$J$100,2,FALSE) -> BOM | T50: 02 | U50: Mecânica | Y50: Operacional | Z50: =Q50&" "& T50 -> Bomba 02 | AA50: 2024 | AD50: Mensal | AF50: =_xlfn.CONCAT(N50,Q50) -> Electrobomba Doseadora de DiafragmaBomba | AG50: =VLOOKUP(AF50,Imagens!$C$2:$D$42,2,FALSE) -> 65e8d1ea50af1 | AH50: =_xlfn.CONCAT(Imagens!$H$2,'registo_ativo-CDs (1)'!AG50) -> assets/imagens/products/65e8d1ea50af1 | AI50: 45324
A51: =LEN(B51) -> 15 | B51: =CONCATENATE(G51,J51,M51,P51,S51,T51) -> CD28HTH133MOT03 | C51: =CONCATENATE(F51, "-", I51, "-", L51, "-", O51, "-", R51, "-", T51) -> CD-CHA-HTH-EBD-MOT-03 | E51: Centro distribuidor | F51: =VLOOKUP(E51,Localizacoes!$A$3:$B$100,2,FALSE) -> CD | G51: =VLOOKUP(E51,ID!$A$3:$B$100,2,FALSE) -> CD | H51: Chamanculo | I51: =VLOOKUP(H51,Localizacoes!$C$3:$D$100,2,FALSE) -> CHA | J51: =VLOOKUP(H51,ID!$C$3:$D$100,2,FALSE) -> 28 | K51: Dosagem de Cloro Granular | L51: =VLOOKUP(K51,Localizacoes!$E$3:$F$100,2,FALSE) -> HTH | M51: =VLOOKUP(K51,ID!$E$3:$F$100,2,FALSE) -> HTH | N51: Electrobomba Doseadora de Diafragma | O51: =VLOOKUP(N51,Localizacoes!$G$3:$H$100,2,FALSE) -> EBD | P51: =VLOOKUP(N51,ID!$G$3:$H$100,2,FALSE) -> 133 | Q51: Motor | R51: =VLOOKUP(Q51,Localizacoes!$I$3:$J$100,2,FALSE) -> MOT | S51: =VLOOKUP(Q51,ID!$I$3:$J$100,2,FALSE) -> MOT | T51: 03 | U51: Eléctrica | X51: Critico | Y51: Operacional | Z51: =Q51&" "& T51 -> Motor 03 | AA51: 2008 | AD51: Mensal | AF51: =_xlfn.CONCAT(N51,Q51) -> Electrobomba Doseadora de DiafragmaMotor | AG51: =VLOOKUP(AF51,Imagens!$C$2:$D$42,2,FALSE) -> 65e8d1ea50af1 | AH51: =_xlfn.CONCAT(Imagens!$H$2,'registo_ativo-CDs (1)'!AG51) -> assets/imagens/products/65e8d1ea50af1 | AI51: 45324
A52: =LEN(B52) -> 15 | B52: =CONCATENATE(G52,J52,M52,P52,S52,T52) -> CD28HTH133BOM03 | C52: =CONCATENATE(F52, "-", I52, "-", L52, "-", O52, "-", R52, "-", T52) -> CD-CHA-HTH-EBD-BOM-03 | E52: Centro distribuidor | F52: =VLOOKUP(E52,Localizacoes!$A$3:$B$100,2,FALSE) -> CD | G52: =VLOOKUP(E52,ID!$A$3:$B$100,2,FALSE) -> CD | H52: Chamanculo | I52: =VLOOKUP(H52,Localizacoes!$C$3:$D$100,2,FALSE) -> CHA | J52: =VLOOKUP(H52,ID!$C$3:$D$100,2,FALSE) -> 28 | K52: Dosagem de Cloro Granular | L52: =VLOOKUP(K52,Localizacoes!$E$3:$F$100,2,FALSE) -> HTH | M52: =VLOOKUP(K52,ID!$E$3:$F$100,2,FALSE) -> HTH | N52: Electrobomba Doseadora de Diafragma | O52: =VLOOKUP(N52,Localizacoes!$G$3:$H$100,2,FALSE) -> EBD | P52: =VLOOKUP(N52,ID!$G$3:$H$100,2,FALSE) -> 133 | Q52: Bomba | R52: =VLOOKUP(Q52,Localizacoes!$I$3:$J$100,2,FALSE) -> BOM | S52: =VLOOKUP(Q52,ID!$I$3:$J$100,2,FALSE) -> BOM | T52: 03 | U52: Mecânica | Y52: Operacional | Z52: =Q52&" "& T52 -> Bomba 03 | AA52: 2008 | AD52: Mensal | AF52: =_xlfn.CONCAT(N52,Q52) -> Electrobomba Doseadora de DiafragmaBomba | AG52: =VLOOKUP(AF52,Imagens!$C$2:$D$42,2,FALSE) -> 65e8d1ea50af1 | AH52: =_xlfn.CONCAT(Imagens!$H$2,'registo_ativo-CDs (1)'!AG52) -> assets/imagens/products/65e8d1ea50af1 | AI52: 45324
A53: =LEN(B53) -> 15 | B53: =CONCATENATE(G53,J53,M53,P53,S53,T53) -> CD28HTH103CEN01 | C53: =CONCATENATE(F53, "-", I53, "-", L53, "-", O53, "-", R53, "-", T53) -> CD-CHA-HTH-AGI-CEN-01 | E53: Centro distribuidor | F53: =VLOOKUP(E53,Localizacoes!$A$3:$B$100,2,FALSE) -> CD | G53: =VLOOKUP(E53,ID!$A$3:$B$100,2,FALSE) -> CD | H53: Chamanculo | I53: =VLOOKUP(H53,Localizacoes!$C$3:$D$100,2,FALSE) -> CHA | J53: =VLOOKUP(H53,ID!$C$3:$D$100,2,FALSE) -> 28 | K53: Dosagem de Cloro Granular | L53: =VLOOKUP(K53,Localizacoes!$E$3:$F$100,2,FALSE) -> HTH | M53: =VLOOKUP(K53,ID!$E$3:$F$100,2,FALSE) -> HTH | N53: Agitador | O53: =VLOOKUP(N53,Localizacoes!$G$3:$H$100,2,FALSE) -> AGI | P53: =VLOOKUP(N53,ID!$G$3:$H$100,2,FALSE) -> 103 | Q53: Caixa de Engrenagem | R53: =VLOOKUP(Q53,Localizacoes!$I$3:$J$100,2,FALSE) -> CEN | S53: =VLOOKUP(Q53,ID!$I$3:$J$100,2,FALSE) -> CEN | T53: 01 | U53: Mecânica | V53: KEMIX | W53: N°:L41440; MIXER SYSTENS ROTATION; Modelo: AELM 37-4. | Y53: Operacional | Z53: =Q53&" "& T53 -> Caixa de Engrenagem 01 | AD53: Mensal | AF53: =_xlfn.CONCAT(N53,Q53) -> Agitador Caixa de Engrenagem | AG53: =VLOOKUP(AF53,Imagens!$C$2:$D$42,2,FALSE) -> 65e8e1a7e4bd4 | AH53: =_xlfn.CONCAT(Imagens!$H$2,'registo_ativo-CDs (1)'!AG53) -> assets/imagens/products/65e8e1a7e4bd4 | AI53: 45324
A54: =LEN(B54) -> 15 | B54: =CONCATENATE(G54,J54,M54,P54,S54,T54) -> CD28HTH103MOT01 | C54: =CONCATENATE(F54, "-", I54, "-", L54, "-", O54, "-", R54, "-", T54) -> CD-CHA-HTH-AGI-MOT-01 | E54: Centro distribuidor | F54: =VLOOKUP(E54,Localizacoes!$A$3:$B$100,2,FALSE) -> CD | G54: =VLOOKUP(E54,ID!$A$3:$B$100,2,FALSE) -> CD | H54: Chamanculo | I54: =VLOOKUP(H54,Localizacoes!$C$3:$D$100,2,FALSE) -> CHA | J54: =VLOOKUP(H54,ID!$C$3:$D$100,2,FALSE) -> 28 | K54: Dosagem de Cloro Granular | L54: =VLOOKUP(K54,Localizacoes!$E$3:$F$100,2,FALSE) -> HTH | M54: =VLOOKUP(K54,ID!$E$3:$F$100,2,FALSE) -> HTH | N54: Agitador | O54: =VLOOKUP(N54,Localizacoes!$G$3:$H$100,2,FALSE) -> AGI | P54: =VLOOKUP(N54,ID!$G$3:$H$100,2,FALSE) -> 103 | Q54: Motor | R54: =VLOOKUP(Q54,Localizacoes!$I$3:$J$100,2,FALSE) -> MOT | S54: =VLOOKUP(Q54,ID!$I$3:$J$100,2,FALSE) -> MOT | T54: 01 | U54: Eléctrica | Y54: Operacional | Z54: =Q54&" "& T54 -> Motor 01 | AD54: Mensal | AF54: =_xlfn.CONCAT(N54,Q54) -> Agitador Motor | AG54: =VLOOKUP(AF54,Imagens!$C$2:$D$42,2,FALSE) -> 65e8e1a7e4bd4 | AH54: =_xlfn.CONCAT(Imagens!$H$2,'registo_ativo-CDs (1)'!AG54) -> assets/imagens/products/65e8e1a7e4bd4 | AI54: 45324
A55: =LEN(B55) -> 15 | B55: =CONCATENATE(G55,J55,M55,P55,S55,T55) -> CD28HTH103CEN02 | C55: =CONCATENATE(F55, "-", I55, "-", L55, "-", O55, "-", R55, "-", T55) -> CD-CHA-HTH-AGI-CEN-02 | E55: Centro distribuidor | F55: =VLOOKUP(E55,Localizacoes!$A$3:$B$100,2,FALSE) -> CD | G55: =VLOOKUP(E55,ID!$A$3:$B$100,2,FALSE) -> CD | H55: Chamanculo | I55: =VLOOKUP(H55,Localizacoes!$C$3:$D$100,2,FALSE) -> CHA | J55: =VLOOKUP(H55,ID!$C$3:$D$100,2,FALSE) -> 28 | K55: Dosagem de Cloro Granular | L55: =VLOOKUP(K55,Localizacoes!$E$3:$F$100,2,FALSE) -> HTH | M55: =VLOOKUP(K55,ID!$E$3:$F$100,2,FALSE) -> HTH | N55: Agitador | O55: =VLOOKUP(N55,Localizacoes!$G$3:$H$100,2,FALSE) -> AGI | P55: =VLOOKUP(N55,ID!$G$3:$H$100,2,FALSE) -> 103 | Q55: Caixa de Engrenagem | R55: =VLOOKUP(Q55,Localizacoes!$I$3:$J$100,2,FALSE) -> CEN | S55: =VLOOKUP(Q55,ID!$I$3:$J$100,2,FALSE) -> CEN | T55: 02 | U55: Mecânica | V55: KEMIX | W55: N°:L41440; MIXER SYSTENS ROTATION; Modelo: AELM 37-4. | Y55: Operacional | Z55: =Q55&" "& T55 -> Caixa de Engrenagem 02 | AD55: Mensal | AF55: =_xlfn.CONCAT(N55,Q55) -> Agitador Caixa de Engrenagem | AG55: =VLOOKUP(AF55,Imagens!$C$2:$D$42,2,FALSE) -> 65e8e1a7e4bd4 | AH55: =_xlfn.CONCAT(Imagens!$H$2,'registo_ativo-CDs (1)'!AG55) -> assets/imagens/products/65e8e1a7e4bd4 | AI55: 45324
A56: =LEN(B56) -> 15 | B56: =CONCATENATE(G56,J56,M56,P56,S56,T56) -> CD28HTH103MOT02 | C56: =CONCATENATE(F56, "-", I56, "-", L56, "-", O56, "-", R56, "-", T56) -> CD-CHA-HTH-AGI-MOT-02 | E56: Centro distribuidor | F56: =VLOOKUP(E56,Localizacoes!$A$3:$B$100,2,FALSE) -> CD | G56: =VLOOKUP(E56,ID!$A$3:$B$100,2,FALSE) -> CD | H56: Chamanculo | I56: =VLOOKUP(H56,Localizacoes!$C$3:$D$100,2,FALSE) -> CHA | J56: =VLOOKUP(H56,ID!$C$3:$D$100,2,FALSE) -> 28 | K56: Dosagem de Cloro Granular | L56: =VLOOKUP(K56,Localizacoes!$E$3:$F$100,2,FALSE) -> HTH | M56: =VLOOKUP(K56,ID!$E$3:$F$100,2,FALSE) -> HTH | N56: Agitador | O56: =VLOOKUP(N56,Localizacoes!$G$3:$H$100,2,FALSE) -> AGI | P56: =VLOOKUP(N56,ID!$G$3:$H$100,2,FALSE) -> 103 | Q56: Motor | R56: =VLOOKUP(Q56,Localizacoes!$I$3:$J$100,2,FALSE) -> MOT | S56: =VLOOKUP(Q56,ID!$I$3:$J$100,2,FALSE) -> MOT | T56: 02 | U56: Eléctrica | Y56: Operacional | Z56: =Q56&" "& T56 -> Motor 02 | AD56: Mensal | AF56: =_xlfn.CONCAT(N56,Q56) -> Agitador Motor | AG56: =VLOOKUP(AF56,Imagens!$C$2:$D$42,2,FALSE) -> 65e8e1a7e4bd4 | AH56: =_xlfn.CONCAT(Imagens!$H$2,'registo_ativo-CDs (1)'!AG56) -> assets/imagens/products/65e8e1a7e4bd4 | AI56: 45324
A57: =LEN(B57) -> 15 | B57: =CONCATENATE(G57,J57,M57,P57,S57,T57) -> CD28HTH152QEA01 | C57: =CONCATENATE(F57, "-", I57, "-", L57, "-", O57, "-", R57, "-", T57) -> CD-CHA-HTH-QEL-QEA-01 | E57: Centro distribuidor | F57: =VLOOKUP(E57,Localizacoes!$A$3:$B$100,2,FALSE) -> CD | G57: =VLOOKUP(E57,ID!$A$3:$B$100,2,FALSE) -> CD | H57: Chamanculo | I57: =VLOOKUP(H57,Localizacoes!$C$3:$D$100,2,FALSE) -> CHA | J57: =VLOOKUP(H57,ID!$C$3:$D$100,2,FALSE) -> 28 | K57: Dosagem de Cloro Granular | L57: =VLOOKUP(K57,Localizacoes!$E$3:$F$100,2,FALSE) -> HTH | M57: =VLOOKUP(K57,ID!$E$3:$F$100,2,FALSE) -> HTH | N57: Quadro Eléctrico | O57: =VLOOKUP(N57,Localizacoes!$G$3:$H$100,2,FALSE) -> QEL | P57: =VLOOKUP(N57,ID!$G$3:$H$100,2,FALSE) -> 152 | Q57: Quadros Eléctricos de Arranque | R57: =VLOOKUP(Q57,Localizacoes!$I$3:$J$100,2,FALSE) -> QEA | S57: =VLOOKUP(Q57,ID!$I$3:$J$100,2,FALSE) -> QEA | T57: 01 | U57: Eléctrica | Y57: Operacional | Z57: =Q57&" "& T57 -> Quadros Eléctricos de Arranque 01 | AD57: Trimestral | AF57: =_xlfn.CONCAT(N57,Q57) -> Quadro EléctricoQuadros Eléctricos de Arranque | AG57: =VLOOKUP(AF57,Imagens!$C$2:$D$42,2,FALSE) -> 65e8d2fa35c12 | AH57: =_xlfn.CONCAT(Imagens!$H$2,'registo_ativo-CDs (1)'!AG57) -> assets/imagens/products/65e8d2fa35c12 | AI57: 45366
A58: =LEN(B58) -> 15 | B58: =CONCATENATE(G58,J58,M58,P58,S58,T58) -> CD28ACH158CHO01 | C58: =CONCATENATE(F58, "-", I58, "-", L58, "-", O58, "-", R58, "-", T58) -> CD-CHA-ACH-RES-CHO-01 | E58: Centro distribuidor | F58: =VLOOKUP(E58,Localizacoes!$A$3:$B$100,2,FALSE) -> CD | G58: =VLOOKUP(E58,ID!$A$3:$B$100,2,FALSE) -> CD | H58: Chamanculo | I58: =VLOOKUP(H58,Localizacoes!$C$3:$D$100,2,FALSE) -> CHA | J58: =VLOOKUP(H58,ID!$C$3:$D$100,2,FALSE) -> 28 | K58: Amortecedor de choque hidráulico | L58: =VLOOKUP(K58,Localizacoes!$E$3:$F$100,2,FALSE) -> ACH | M58: =VLOOKUP(K58,ID!$E$3:$F$100,2,FALSE) -> ACH | N58: Reservatório | O58: =VLOOKUP(N58,Localizacoes!$G$3:$H$100,2,FALSE) -> RES | P58: =VLOOKUP(N58,ID!$G$3:$H$100,2,FALSE) -> 158 | Q58: Choque Hidráulico | R58: =VLOOKUP(Q58,Localizacoes!$I$3:$J$100,2,FALSE) -> CHO | S58: =VLOOKUP(Q58,ID!$I$3:$J$100,2,FALSE) -> CHO | T58: 01 | U58: Mecânica | V58: CHARLATT FAYAT GROUP | W58: Serie:15000SV23* 0 a 40°C* PS 24* PT 24* Type:CHA* Q:15000 l* categoria: IV* | Y58: Operacional | Z58: =Q58&" "& T58 -> Choque Hidráulico 01 | AA58: 2007 | AD58: Mensal | AF58: =_xlfn.CONCAT(N58,Q58) -> ReservatórioChoque Hidráulico | AG58: =VLOOKUP(AF58,Imagens!$C$2:$D$42,2,FALSE) -> 08679b4a | AH58: =_xlfn.CONCAT(Imagens!$H$2,'registo_ativo-CDs (1)'!AG58) -> assets/imagens/products/08679b4a | AI58: 45324
A59: =LEN(B59) -> 15 | B59: =CONCATENATE(G59,J59,M59,P59,S59,T59) -> CD28ACH158CHO02 | C59: =CONCATENATE(F59, "-", I59, "-", L59, "-", O59, "-", R59, "-", T59) -> CD-CHA-ACH-RES-CHO-02 | E59: Centro distribuidor | F59: =VLOOKUP(E59,Localizacoes!$A$3:$B$100,2,FALSE) -> CD | G59: =VLOOKUP(E59,ID!$A$3:$B$100,2,FALSE) -> CD | H59: Chamanculo | I59: =VLOOKUP(H59,Localizacoes!$C$3:$D$100,2,FALSE) -> CHA | J59: =VLOOKUP(H59,ID!$C$3:$D$100,2,FALSE) -> 28 | K59: Amortecedor de choque hidráulico | L59: =VLOOKUP(K59,Localizacoes!$E$3:$F$100,2,FALSE) -> ACH | M59: =VLOOKUP(K59,ID!$E$3:$F$100,2,FALSE) -> ACH | N59: Reservatório | O59: =VLOOKUP(N59,Localizacoes!$G$3:$H$100,2,FALSE) -> RES | P59: =VLOOKUP(N59,ID!$G$3:$H$100,2,FALSE) -> 158 | Q59: Choque Hidráulico | R59: =VLOOKUP(Q59,Localizacoes!$I$3:$J$100,2,FALSE) -> CHO | S59: =VLOOKUP(Q59,ID!$I$3:$J$100,2,FALSE) -> CHO | T59: 02 | U59: Mecânica | V59: CHARLATT FAYAT GROUP | W59: 0 a 40⁰C* 15000 L* serie:150005V17* 16A* categoria: IV* TYPE:CH* 24 BAR* | Y59: Operacional | Z59: =Q59&" "& T59 -> Choque Hidráulico 02 | AA59: 2007 | AD59: Mensal | AF59: =_xlfn.CONCAT(N59,Q59) -> ReservatórioChoque Hidráulico | AG59: =VLOOKUP(AF59,Imagens!$C$2:$D$42,2,FALSE) -> 08679b4a | AH59: =_xlfn.CONCAT(Imagens!$H$2,'registo_ativo-CDs (1)'!AG59) -> assets/imagens/products/08679b4a | AI59: 45324
A60: =LEN(B60) -> 15 | B60: =CONCATENATE(G60,J60,M60,P60,S60,T60) -> CD28ACH158CHO03 | C60: =CONCATENATE(F60, "-", I60, "-", L60, "-", O60, "-", R60, "-", T60) -> CD-CHA-ACH-RES-CHO-03 | E60: Centro distribuidor | F60: =VLOOKUP(E60,Localizacoes!$A$3:$B$100,2,FALSE) -> CD | G60: =VLOOKUP(E60,ID!$A$3:$B$100,2,FALSE) -> CD | H60: Chamanculo | I60: =VLOOKUP(H60,Localizacoes!$C$3:$D$100,2,FALSE) -> CHA | J60: =VLOOKUP(H60,ID!$C$3:$D$100,2,FALSE) -> 28 | K60: Amortecedor de choque hidráulico | L60: =VLOOKUP(K60,Localizacoes!$E$3:$F$100,2,FALSE) -> ACH | M60: =VLOOKUP(K60,ID!$E$3:$F$100,2,FALSE) -> ACH | N60: Reservatório | O60: =VLOOKUP(N60,Localizacoes!$G$3:$H$100,2,FALSE) -> RES | P60: =VLOOKUP(N60,ID!$G$3:$H$100,2,FALSE) -> 158 | Q60: Choque Hidráulico | R60: =VLOOKUP(Q60,Localizacoes!$I$3:$J$100,2,FALSE) -> CHO | S60: =VLOOKUP(Q60,ID!$I$3:$J$100,2,FALSE) -> CHO | T60: 03 | U60: Mecânica | V60: CHARLATT FAYAT GROUP | W60: 1 a 40⁰C* 15000 L* serie:150005V17* 16A* categoria: IV* TYPE:CH* 24 BAR* | Y60: Operacional | Z60: =Q60&" "& T60 -> Choque Hidráulico 03 | AA60: 2007 | AD60: Mensal | AF60: =_xlfn.CONCAT(N60,Q60) -> ReservatórioChoque Hidráulico | AG60: =VLOOKUP(AF60,Imagens!$C$2:$D$42,2,FALSE) -> 08679b4a | AH60: =_xlfn.CONCAT(Imagens!$H$2,'registo_ativo-CDs (1)'!AG60) -> assets/imagens/products/08679b4a | AI60: 45324
A61: =LEN(B61) -> 15 | B61: =CONCATENATE(G61,J61,M61,P61,S61,T61) -> CD28ACH158CHO04 | C61: =CONCATENATE(F61, "-", I61, "-", L61, "-", O61, "-", R61, "-", T61) -> CD-CHA-ACH-RES-CHO-04 | E61: Centro distribuidor | F61: =VLOOKUP(E61,Localizacoes!$A$3:$B$100,2,FALSE) -> CD | G61: =VLOOKUP(E61,ID!$A$3:$B$100,2,FALSE) -> CD | H61: Chamanculo | I61: =VLOOKUP(H61,Localizacoes!$C$3:$D$100,2,FALSE) -> CHA | J61: =VLOOKUP(H61,ID!$C$3:$D$100,2,FALSE) -> 28 | K61: Amortecedor de choque hidráulico | L61: =VLOOKUP(K61,Localizacoes!$E$3:$F$100,2,FALSE) -> ACH | M61: =VLOOKUP(K61,ID!$E$3:$F$100,2,FALSE) -> ACH | N61: Reservatório | O61: =VLOOKUP(N61,Localizacoes!$G$3:$H$100,2,FALSE) -> RES | P61: =VLOOKUP(N61,ID!$G$3:$H$100,2,FALSE) -> 158 | Q61: Choque Hidráulico | R61: =VLOOKUP(Q61,Localizacoes!$I$3:$J$100,2,FALSE) -> CHO | S61: =VLOOKUP(Q61,ID!$I$3:$J$100,2,FALSE) -> CHO | T61: 04 | U61: Mecânica | V61: CHARLATT FAYAT GROUP | W61: 2 a 40⁰C* 15000 L* serie:150005V17* 16A* categoria: IV* TYPE:CH* 24 BAR* | Y61: Operacional | Z61: =Q61&" "& T61 -> Choque Hidráulico 04 | AA61: 2007 | AD61: Mensal | AF61: =_xlfn.CONCAT(N61,Q61) -> ReservatórioChoque Hidráulico | AG61: =VLOOKUP(AF61,Imagens!$C$2:$D$42,2,FALSE) -> 08679b4a | AH61: =_xlfn.CONCAT(Imagens!$H$2,'registo_ativo-CDs (1)'!AG61) -> assets/imagens/products/08679b4a | AI61: 45324
A62: =LEN(B62) -> 15 | B62: =CONCATENATE(G62,J62,M62,P62,S62,T62) -> CD28ACH158CHO05 | C62: =CONCATENATE(F62, "-", I62, "-", L62, "-", O62, "-", R62, "-", T62) -> CD-CHA-ACH-RES-CHO-05 | E62: Centro distribuidor | F62: =VLOOKUP(E62,Localizacoes!$A$3:$B$100,2,FALSE) -> CD | G62: =VLOOKUP(E62,ID!$A$3:$B$100,2,FALSE) -> CD | H62: Chamanculo | I62: =VLOOKUP(H62,Localizacoes!$C$3:$D$100,2,FALSE) -> CHA | J62: =VLOOKUP(H62,ID!$C$3:$D$100,2,FALSE) -> 28 | K62: Amortecedor de choque hidráulico | L62: =VLOOKUP(K62,Localizacoes!$E$3:$F$100,2,FALSE) -> ACH | M62: =VLOOKUP(K62,ID!$E$3:$F$100,2,FALSE) -> ACH | N62: Reservatório | O62: =VLOOKUP(N62,Localizacoes!$G$3:$H$100,2,FALSE) -> RES | P62: =VLOOKUP(N62,ID!$G$3:$H$100,2,FALSE) -> 158 | Q62: Choque Hidráulico | R62: =VLOOKUP(Q62,Localizacoes!$I$3:$J$100,2,FALSE) -> CHO | S62: =VLOOKUP(Q62,ID!$I$3:$J$100,2,FALSE) -> CHO | T62: 05 | U62: Mecânica | V62: CHARLATT FAYAT GROUP | W62: 3 a 40⁰C* 15000 L* serie:150005V17* 16A* categoria: IV* TYPE:CH* 24 BAR* | Y62: Operacional | Z62: =Q62&" "& T62 -> Choque Hidráulico 05 | AA62: 2007 | AD62: Mensal | AF62: =_xlfn.CONCAT(N62,Q62) -> ReservatórioChoque Hidráulico | AG62: =VLOOKUP(AF62,Imagens!$C$2:$D$42,2,FALSE) -> 08679b4a | AH62: =_xlfn.CONCAT(Imagens!$H$2,'registo_ativo-CDs (1)'!AG62) -> assets/imagens/products/08679b4a | AI62: 45324
A63: =LEN(B63) -> 15 | B63: =CONCATENATE(G63,J63,M63,P63,S63,T63) -> CD28ACH158CHO06 | C63: =CONCATENATE(F63, "-", I63, "-", L63, "-", O63, "-", R63, "-", T63) -> CD-CHA-ACH-RES-CHO-06 | E63: Centro distribuidor | F63: =VLOOKUP(E63,Localizacoes!$A$3:$B$100,2,FALSE) -> CD | G63: =VLOOKUP(E63,ID!$A$3:$B$100,2,FALSE) -> CD | H63: Chamanculo | I63: =VLOOKUP(H63,Localizacoes!$C$3:$D$100,2,FALSE) -> CHA | J63: =VLOOKUP(H63,ID!$C$3:$D$100,2,FALSE) -> 28 | K63: Amortecedor de choque hidráulico | L63: =VLOOKUP(K63,Localizacoes!$E$3:$F$100,2,FALSE) -> ACH | M63: =VLOOKUP(K63,ID!$E$3:$F$100,2,FALSE) -> ACH | N63: Reservatório | O63: =VLOOKUP(N63,Localizacoes!$G$3:$H$100,2,FALSE) -> RES | P63: =VLOOKUP(N63,ID!$G$3:$H$100,2,FALSE) -> 158 | Q63: Choque Hidráulico | R63: =VLOOKUP(Q63,Localizacoes!$I$3:$J$100,2,FALSE) -> CHO | S63: =VLOOKUP(Q63,ID!$I$3:$J$100,2,FALSE) -> CHO | T63: 06 | U63: Mecânica | V63: CHARLATT FAYAT GROUP | W63: 4 a 40⁰C* 15000 L* serie:150005V17* 16A* categoria: IV* TYPE:CH* 24 BAR* | Y63: Operacional | Z63: =Q63&" "& T63 -> Choque Hidráulico 06 | AA63: 2007 | AD63: Mensal | AF63: =_xlfn.CONCAT(N63,Q63) -> ReservatórioChoque Hidráulico | AG63: =VLOOKUP(AF63,Imagens!$C$2:$D$42,2,FALSE) -> 08679b4a | AH63: =_xlfn.CONCAT(Imagens!$H$2,'registo_ativo-CDs (1)'!AG63) -> assets/imagens/products/08679b4a | AI63: 45324
A64: =LEN(B64) -> 15 | B64: =CONCATENATE(G64,J64,M64,P64,S64,T64) -> CD28ACH127CPS01 | C64: =CONCATENATE(F64, "-", I64, "-", L64, "-", O64, "-", R64, "-", T64) -> CD-CHA-ACH-CPI-CPS-01 | E64: Centro distribuidor | F64: =VLOOKUP(E64,Localizacoes!$A$3:$B$100,2,FALSE) -> CD | G64: =VLOOKUP(E64,ID!$A$3:$B$100,2,FALSE) -> CD | H64: Chamanculo | I64: =VLOOKUP(H64,Localizacoes!$C$3:$D$100,2,FALSE) -> CHA | J64: =VLOOKUP(H64,ID!$C$3:$D$100,2,FALSE) -> 28 | K64: Amortecedor de choque hidráulico | L64: =VLOOKUP(K64,Localizacoes!$E$3:$F$100,2,FALSE) -> ACH | M64: =VLOOKUP(K64,ID!$E$3:$F$100,2,FALSE) -> ACH | N64: Compressor Pistão | O64: =VLOOKUP(N64,Localizacoes!$G$3:$H$100,2,FALSE) -> CPI | P64: =VLOOKUP(N64,ID!$G$3:$H$100,2,FALSE) -> 127 | Q64: Compressor | R64: =VLOOKUP(Q64,Localizacoes!$I$3:$J$100,2,FALSE) -> CPS | S64: =VLOOKUP(Q64,ID!$I$3:$J$100,2,FALSE) -> CPS | T64: 01 | U64: Mecânica | V64: CHARLATT FAYAT GROUP | W64: 1983* Pressao de Servico 10kgs/cm²* Pressao de Calculo* 11kg/cm²* Pressao de Ensaio:15,50 kg/cm²* Q. 12,6 m³* Peso Vasio: 3700 Kg* | X64: Critico | Y64: Operacional | Z64: =Q64&" "& T64 -> Compressor 01 | AA64: 2007 | AD64: Mensal | AF64: =_xlfn.CONCAT(N64,Q64) -> Compressor PistãoCompressor | AG64: =VLOOKUP(AF64,Imagens!$C$2:$D$42,2,FALSE) -> 65e8de45ce961 | AH64: =_xlfn.CONCAT(Imagens!$H$2,'registo_ativo-CDs (1)'!AG64) -> assets/imagens/products/65e8de45ce961 | AI64: 45324
A65: =LEN(B65) -> 15 | B65: =CONCATENATE(G65,J65,M65,P65,S65,T65) -> CD28ILU164ILL01 | C65: =CONCATENATE(F65, "-", I65, "-", L65, "-", O65, "-", R65, "-", T65) -> CD-CHA-ILU-SIL-ILL-01 | E65: Centro distribuidor | F65: =VLOOKUP(E65,Localizacoes!$A$3:$B$100,2,FALSE) -> CD | G65: =VLOOKUP(E65,ID!$A$3:$B$100,2,FALSE) -> CD | H65: Chamanculo | I65: =VLOOKUP(H65,Localizacoes!$C$3:$D$100,2,FALSE) -> CHA | J65: =VLOOKUP(H65,ID!$C$3:$D$100,2,FALSE) -> 28 | K65: Iluminação | L65: =VLOOKUP(K65,Localizacoes!$E$3:$F$100,2,FALSE) -> ILU | M65: =VLOOKUP(K65,ID!$E$3:$F$100,2,FALSE) -> ILU | N65: Sistema de Iluminação | O65: =VLOOKUP(N65,Localizacoes!$G$3:$H$100,2,FALSE) -> SIL | P65: =VLOOKUP(N65,ID!$G$3:$H$100,2,FALSE) -> 164 | Q65: Iluminação | R65: =VLOOKUP(Q65,Localizacoes!$I$3:$J$100,2,FALSE) -> ILL | S65: =VLOOKUP(Q65,ID!$I$3:$J$100,2,FALSE) -> ILL | T65: 01 | U65: Eléctrica | Y65: Operacional | Z65: =Q65&" "& T65 -> Iluminação 01 | AD65: Trimestral | AF65: =_xlfn.CONCAT(N65,Q65) -> Sistema de IluminaçãoIluminação | AG65: =VLOOKUP(AF65,Imagens!$C$2:$D$42,2,FALSE) -> 65e8e579bfe6c | AH65: =_xlfn.CONCAT(Imagens!$H$2,'registo_ativo-CDs (1)'!AG65) -> assets/imagens/products/65e8e579bfe6c | AI65: 45324
A66: =LEN(B66) -> 15 | B66: =CONCATENATE(G66,J66,M66,P66,S66,T66) -> CD28BBG146MCD01 | C66: =CONCATENATE(F66, "-", I66, "-", L66, "-", O66, "-", R66, "-", T66) -> CD-CHA-BBG-MDD-MCD-01 | E66: Centro distribuidor | F66: =VLOOKUP(E66,Localizacoes!$A$3:$B$100,2,FALSE) -> CD | G66: =VLOOKUP(E66,ID!$A$3:$B$100,2,FALSE) -> CD | H66: Chamanculo | I66: =VLOOKUP(H66,Localizacoes!$C$3:$D$100,2,FALSE) -> CHA | J66: =VLOOKUP(H66,ID!$C$3:$D$100,2,FALSE) -> 28 | K66: Bombagem | L66: =VLOOKUP(K66,Localizacoes!$E$3:$F$100,2,FALSE) -> BBG | M66: =VLOOKUP(K66,ID!$E$3:$F$100,2,FALSE) -> BBG | N66: Medidor | O66: =VLOOKUP(N66,Localizacoes!$G$3:$H$100,2,FALSE) -> MDD | P66: =VLOOKUP(N66,ID!$G$3:$H$100,2,FALSE) -> 146 | Q66: Macromedidor | R66: =VLOOKUP(Q66,Localizacoes!$I$3:$J$100,2,FALSE) -> MCD | S66: =VLOOKUP(Q66,ID!$I$3:$J$100,2,FALSE) -> MCD | T66: 01 | U66: Eléctrica | V66: SIEMENS | W66: MAG 600; Code: 7ME6920CA10-1AAO. | Y66: Operacional | Z66: =Q66&" "& T66 -> Macromedidor 01 | AD66: Semestral | AF66: =_xlfn.CONCAT(N66,Q66) -> MedidorMacromedidor | AG66: =VLOOKUP(AF66,Imagens!$C$2:$D$42,2,FALSE) -> 65e8dd4a9cd58 | AH66: =_xlfn.CONCAT(Imagens!$H$2,'registo_ativo-CDs (1)'!AG66) -> assets/imagens/products/65e8dd4a9cd58 | AI66: 45338
A67: =LEN(B67) -> 15 | B67: =CONCATENATE(G67,J67,M67,P67,S67,T67) -> CD28BBG146MCD02 | C67: =CONCATENATE(F67, "-", I67, "-", L67, "-", O67, "-", R67, "-", T67) -> CD-CHA-BBG-MDD-MCD-02 | E67: Centro distribuidor | F67: =VLOOKUP(E67,Localizacoes!$A$3:$B$100,2,FALSE) -> CD | G67: =VLOOKUP(E67,ID!$A$3:$B$100,2,FALSE) -> CD | H67: Chamanculo | I67: =VLOOKUP(H67,Localizacoes!$C$3:$D$100,2,FALSE) -> CHA | J67: =VLOOKUP(H67,ID!$C$3:$D$100,2,FALSE) -> 28 | K67: Bombagem | L67: =VLOOKUP(K67,Localizacoes!$E$3:$F$100,2,FALSE) -> BBG | M67: =VLOOKUP(K67,ID!$E$3:$F$100,2,FALSE) -> BBG | N67: Medidor | O67: =VLOOKUP(N67,Localizacoes!$G$3:$H$100,2,FALSE) -> MDD | P67: =VLOOKUP(N67,ID!$G$3:$H$100,2,FALSE) -> 146 | Q67: Macromedidor | R67: =VLOOKUP(Q67,Localizacoes!$I$3:$J$100,2,FALSE) -> MCD | S67: =VLOOKUP(Q67,ID!$I$3:$J$100,2,FALSE) -> MCD | T67: 02 | U67: Eléctrica | V67: SIEMENS | W67: MAG 600; Code: 7ME6920CA10-1AAO. | Y67: Fora de servico | Z67: =Q67&" "& T67 -> Macromedidor 02 | AD67: Semestral | AF67: =_xlfn.CONCAT(N67,Q67) -> MedidorMacromedidor | AG67: =VLOOKUP(AF67,Imagens!$C$2:$D$42,2,FALSE) -> 65e8dd4a9cd58 | AH67: =_xlfn.CONCAT(Imagens!$H$2,'registo_ativo-CDs (1)'!AG67) -> assets/imagens/products/65e8dd4a9cd58 | AI67: 45338
A68: =LEN(B68) -> 15 | B68: =CONCATENATE(G68,J68,M68,P68,S68,T68) -> CD28BBG146MCD03 | C68: =CONCATENATE(F68, "-", I68, "-", L68, "-", O68, "-", R68, "-", T68) -> CD-CHA-BBG-MDD-MCD-03 | E68: Centro distribuidor | F68: =VLOOKUP(E68,Localizacoes!$A$3:$B$100,2,FALSE) -> CD | G68: =VLOOKUP(E68,ID!$A$3:$B$100,2,FALSE) -> CD | H68: Chamanculo | I68: =VLOOKUP(H68,Localizacoes!$C$3:$D$100,2,FALSE) -> CHA | J68: =VLOOKUP(H68,ID!$C$3:$D$100,2,FALSE) -> 28 | K68: Bombagem | L68: =VLOOKUP(K68,Localizacoes!$E$3:$F$100,2,FALSE) -> BBG | M68: =VLOOKUP(K68,ID!$E$3:$F$100,2,FALSE) -> BBG | N68: Medidor | O68: =VLOOKUP(N68,Localizacoes!$G$3:$H$100,2,FALSE) -> MDD | P68: =VLOOKUP(N68,ID!$G$3:$H$100,2,FALSE) -> 146 | Q68: Macromedidor | R68: =VLOOKUP(Q68,Localizacoes!$I$3:$J$100,2,FALSE) -> MCD | S68: =VLOOKUP(Q68,ID!$I$3:$J$100,2,FALSE) -> MCD | T68: 03 | U68: Eléctrica | V68: SIEMENS | W68: MAG 600; Code: 7ME6920CA10-1AAO. | Y68: Fora de servico | Z68: =Q68&" "& T68 -> Macromedidor 03 | AD68: Semestral | AF68: =_xlfn.CONCAT(N68,Q68) -> MedidorMacromedidor | AG68: =VLOOKUP(AF68,Imagens!$C$2:$D$42,2,FALSE) -> 65e8dd4a9cd58 | AH68: =_xlfn.CONCAT(Imagens!$H$2,'registo_ativo-CDs (1)'!AG68) -> assets/imagens/products/65e8dd4a9cd58 | AI68: 45338
A69: =LEN(B69) -> 15 | B69: =CONCATENATE(G69,J69,M69,P69,S69,T69) -> CD28BBG146MCD04 | C69: =CONCATENATE(F69, "-", I69, "-", L69, "-", O69, "-", R69, "-", T69) -> CD-CHA-BBG-MDD-MCD-04 | E69: Centro distribuidor | F69: =VLOOKUP(E69,Localizacoes!$A$3:$B$100,2,FALSE) -> CD | G69: =VLOOKUP(E69,ID!$A$3:$B$100,2,FALSE) -> CD | H69: Chamanculo | I69: =VLOOKUP(H69,Localizacoes!$C$3:$D$100,2,FALSE) -> CHA | J69: =VLOOKUP(H69,ID!$C$3:$D$100,2,FALSE) -> 28 | K69: Bombagem | L69: =VLOOKUP(K69,Localizacoes!$E$3:$F$100,2,FALSE) -> BBG | M69: =VLOOKUP(K69,ID!$E$3:$F$100,2,FALSE) -> BBG | N69: Medidor | O69: =VLOOKUP(N69,Localizacoes!$G$3:$H$100,2,FALSE) -> MDD | P69: =VLOOKUP(N69,ID!$G$3:$H$100,2,FALSE) -> 146 | Q69: Macromedidor | R69: =VLOOKUP(Q69,Localizacoes!$I$3:$J$100,2,FALSE) -> MCD | S69: =VLOOKUP(Q69,ID!$I$3:$J$100,2,FALSE) -> MCD | T69: 04 | U69: Eléctrica | V69: SIEMENS | W69: MAG 600; Code: 7ME6920CA10-1AAO. | Y69: Operacional | Z69: =Q69&" "& T69 -> Macromedidor 04 | AD69: Semestral | AF69: =_xlfn.CONCAT(N69,Q69) -> MedidorMacromedidor | AG69: =VLOOKUP(AF69,Imagens!$C$2:$D$42,2,FALSE) -> 65e8dd4a9cd58 | AH69: =_xlfn.CONCAT(Imagens!$H$2,'registo_ativo-CDs (1)'!AG69) -> assets/imagens/products/65e8dd4a9cd58 | AI69: 45338
A70: =LEN(B70) -> 15 | B70: =CONCATENATE(G70,J70,M70,P70,S70,T70) -> CD28ESG132BOM01 | C70: =CONCATENATE(F70, "-", I70, "-", L70, "-", O70, "-", R70, "-", T70) -> CD-CHA-ESG-EBE-BOM-01 | E70: Centro distribuidor | F70: =VLOOKUP(E70,Localizacoes!$A$3:$B$100,2,FALSE) -> CD | G70: =VLOOKUP(E70,ID!$A$3:$B$100,2,FALSE) -> CD | H70: Chamanculo | I70: =VLOOKUP(H70,Localizacoes!$C$3:$D$100,2,FALSE) -> CHA | J70: =VLOOKUP(H70,ID!$C$3:$D$100,2,FALSE) -> 28 | K70: Esgoto | L70: =VLOOKUP(K70,Localizacoes!$E$3:$F$100,2,FALSE) -> ESG | M70: =VLOOKUP(K70,ID!$E$3:$F$100,2,FALSE) -> ESG | N70: Electrobomba de Esgoto | O70: =VLOOKUP(N70,Localizacoes!$G$3:$H$100,2,FALSE) -> EBE | P70: =VLOOKUP(N70,ID!$G$3:$H$100,2,FALSE) -> 132 | Q70: Bomba | R70: =VLOOKUP(Q70,Localizacoes!$I$3:$J$100,2,FALSE) -> BOM | S70: =VLOOKUP(Q70,ID!$I$3:$J$100,2,FALSE) -> BOM | T70: 01 | U70: Mecânica | Y70: Operacional | Z70: =Q70&" "& T70 -> Bomba 01 | AA70: 45408 | AD70: Trimestral | AF70: =_xlfn.CONCAT(N70,Q70) -> Electrobomba de EsgotoBomba | AG70: =VLOOKUP(AF70,Imagens!$C$2:$D$42,2,FALSE) -> b85c1637 | AH70: =_xlfn.CONCAT(Imagens!$H$2,'registo_ativo-CDs (1)'!AG70) -> assets/imagens/products/b85c1637 | AI70: 45366
A71: =LEN(B71) -> 15 | B71: =CONCATENATE(G71,J71,M71,P71,S71,T71) -> CD28ESG132BOM02 | C71: =CONCATENATE(F71, "-", I71, "-", L71, "-", O71, "-", R71, "-", T71) -> CD-CHA-ESG-EBE-BOM-02 | E71: Centro distribuidor | F71: =VLOOKUP(E71,Localizacoes!$A$3:$B$100,2,FALSE) -> CD | G71: =VLOOKUP(E71,ID!$A$3:$B$100,2,FALSE) -> CD | H71: Chamanculo | I71: =VLOOKUP(H71,Localizacoes!$C$3:$D$100,2,FALSE) -> CHA | J71: =VLOOKUP(H71,ID!$C$3:$D$100,2,FALSE) -> 28 | K71: Esgoto | L71: =VLOOKUP(K71,Localizacoes!$E$3:$F$100,2,FALSE) -> ESG | M71: =VLOOKUP(K71,ID!$E$3:$F$100,2,FALSE) -> ESG | N71: Electrobomba de Esgoto | O71: =VLOOKUP(N71,Localizacoes!$G$3:$H$100,2,FALSE) -> EBE | P71: =VLOOKUP(N71,ID!$G$3:$H$100,2,FALSE) -> 132 | Q71: Bomba | R71: =VLOOKUP(Q71,Localizacoes!$I$3:$J$100,2,FALSE) -> BOM | S71: =VLOOKUP(Q71,ID!$I$3:$J$100,2,FALSE) -> BOM | T71: 02 | U71: Mecânica | Y71: Operacional | Z71: =Q71&" "& T71 -> Bomba 02 | AA71: 45408 | AD71: Trimestral | AF71: =_xlfn.CONCAT(N71,Q71) -> Electrobomba de EsgotoBomba | AG71: =VLOOKUP(AF71,Imagens!$C$2:$D$42,2,FALSE) -> b85c1637 | AH71: =_xlfn.CONCAT(Imagens!$H$2,'registo_ativo-CDs (1)'!AG71) -> assets/imagens/products/b85c1637 | AI71: 45366
A72: =LEN(B72) -> 15 | B72: =CONCATENATE(G72,J72,M72,P72,S72,T72) -> CD28SQE165QMT01 | C72: =CONCATENATE(F72, "-", I72, "-", L72, "-", O72, "-", R72, "-", T72) -> CD-CHA-SQE-SUB-QMT-01 | E72: Centro distribuidor | F72: =VLOOKUP(E72,Localizacoes!$A$3:$B$100,2,FALSE) -> CD | G72: =VLOOKUP(E72,ID!$A$3:$B$100,2,FALSE) -> CD | H72: Chamanculo | I72: =VLOOKUP(H72,Localizacoes!$C$3:$D$100,2,FALSE) -> CHA | J72: =VLOOKUP(H72,ID!$C$3:$D$100,2,FALSE) -> 28 | K72: Sala de Quadros Eléctricos | L72: =VLOOKUP(K72,Localizacoes!$E$3:$F$100,2,FALSE) -> SQE | M72: =VLOOKUP(K72,ID!$E$3:$F$100,2,FALSE) -> SQE | N72: Subestação | O72: =VLOOKUP(N72,Localizacoes!$G$3:$H$100,2,FALSE) -> SUB | P72: =VLOOKUP(N72,ID!$G$3:$H$100,2,FALSE) -> 165 | Q72: Quadro de Media Tensão | R72: =VLOOKUP(Q72,Localizacoes!$I$3:$J$100,2,FALSE) -> QMT | S72: =VLOOKUP(Q72,ID!$I$3:$J$100,2,FALSE) -> QMT | T72: 01 | U72: Eléctrica | Y72: Operacional | Z72: =Q72&" "& T72 -> Quadro de Media Tensão 01 | AA72: 45408 | AD72: Trimestral | AF72: =_xlfn.CONCAT(N72,Q72) -> SubestaçãoQuadro de Media Tensão | AG72: =VLOOKUP(AF72,Imagens!$C$2:$D$42,2,FALSE) -> 65d1346bf3835 | AH72: =_xlfn.CONCAT(Imagens!$H$2,'registo_ativo-CDs (1)'!AG72) -> assets/imagens/products/65d1346bf3835 | AI72: 45366
A73: =LEN(B73) -> 15 | B73: =CONCATENATE(G73,J73,M73,P73,S73,T73) -> CD28SQE165QMT02 | C73: =CONCATENATE(F73, "-", I73, "-", L73, "-", O73, "-", R73, "-", T73) -> CD-CHA-SQE-SUB-QMT-02 | E73: Centro distribuidor | F73: =VLOOKUP(E73,Localizacoes!$A$3:$B$100,2,FALSE) -> CD | G73: =VLOOKUP(E73,ID!$A$3:$B$100,2,FALSE) -> CD | H73: Chamanculo | I73: =VLOOKUP(H73,Localizacoes!$C$3:$D$100,2,FALSE) -> CHA | J73: =VLOOKUP(H73,ID!$C$3:$D$100,2,FALSE) -> 28 | K73: Sala de Quadros Eléctricos | L73: =VLOOKUP(K73,Localizacoes!$E$3:$F$100,2,FALSE) -> SQE | M73: =VLOOKUP(K73,ID!$E$3:$F$100,2,FALSE) -> SQE | N73: Subestação | O73: =VLOOKUP(N73,Localizacoes!$G$3:$H$100,2,FALSE) -> SUB | P73: =VLOOKUP(N73,ID!$G$3:$H$100,2,FALSE) -> 165 | Q73: Quadro de Media Tensão | R73: =VLOOKUP(Q73,Localizacoes!$I$3:$J$100,2,FALSE) -> QMT | S73: =VLOOKUP(Q73,ID!$I$3:$J$100,2,FALSE) -> QMT | T73: 02 | U73: Eléctrica | Y73: Operacional | Z73: =Q73&" "& T73 -> Quadro de Media Tensão 02 | AA73: 45408 | AD73: Trimestral | AF73: =_xlfn.CONCAT(N73,Q73) -> SubestaçãoQuadro de Media Tensão | AG73: =VLOOKUP(AF73,Imagens!$C$2:$D$42,2,FALSE) -> 65d1346bf3835 | AH73: =_xlfn.CONCAT(Imagens!$H$2,'registo_ativo-CDs (1)'!AG73) -> assets/imagens/products/65d1346bf3835 | AI73: 45366
A74: =LEN(B74) -> 15 | B74: =CONCATENATE(G74,J74,M74,P74,S74,T74) -> CD28SQE165QMT03 | C74: =CONCATENATE(F74, "-", I74, "-", L74, "-", O74, "-", R74, "-", T74) -> CD-CHA-SQE-SUB-QMT-03 | E74: Centro distribuidor | F74: =VLOOKUP(E74,Localizacoes!$A$3:$B$100,2,FALSE) -> CD | G74: =VLOOKUP(E74,ID!$A$3:$B$100,2,FALSE) -> CD | H74: Chamanculo | I74: =VLOOKUP(H74,Localizacoes!$C$3:$D$100,2,FALSE) -> CHA | J74: =VLOOKUP(H74,ID!$C$3:$D$100,2,FALSE) -> 28 | K74: Sala de Quadros Eléctricos | L74: =VLOOKUP(K74,Localizacoes!$E$3:$F$100,2,FALSE) -> SQE | M74: =VLOOKUP(K74,ID!$E$3:$F$100,2,FALSE) -> SQE | N74: Subestação | O74: =VLOOKUP(N74,Localizacoes!$G$3:$H$100,2,FALSE) -> SUB | P74: =VLOOKUP(N74,ID!$G$3:$H$100,2,FALSE) -> 165 | Q74: Quadro de Media Tensão | R74: =VLOOKUP(Q74,Localizacoes!$I$3:$J$100,2,FALSE) -> QMT | S74: =VLOOKUP(Q74,ID!$I$3:$J$100,2,FALSE) -> QMT | T74: 03 | U74: Eléctrica | Y74: Operacional | Z74: =Q74&" "& T74 -> Quadro de Media Tensão 03 | AA74: 45408 | AD74: Trimestral | AF74: =_xlfn.CONCAT(N74,Q74) -> SubestaçãoQuadro de Media Tensão | AG74: =VLOOKUP(AF74,Imagens!$C$2:$D$42,2,FALSE) -> 65d1346bf3835 | AH74: =_xlfn.CONCAT(Imagens!$H$2,'registo_ativo-CDs (1)'!AG74) -> assets/imagens/products/65d1346bf3835 | AI74: 45366
A75: =LEN(B75) -> 15 | B75: =CONCATENATE(G75,J75,M75,P75,S75,T75) -> CD28SQE165QMT04 | C75: =CONCATENATE(F75, "-", I75, "-", L75, "-", O75, "-", R75, "-", T75) -> CD-CHA-SQE-SUB-QMT-04 | E75: Centro distribuidor | F75: =VLOOKUP(E75,Localizacoes!$A$3:$B$100,2,FALSE) -> CD | G75: =VLOOKUP(E75,ID!$A$3:$B$100,2,FALSE) -> CD | H75: Chamanculo | I75: =VLOOKUP(H75,Localizacoes!$C$3:$D$100,2,FALSE) -> CHA | J75: =VLOOKUP(H75,ID!$C$3:$D$100,2,FALSE) -> 28 | K75: Sala de Quadros Eléctricos | L75: =VLOOKUP(K75,Localizacoes!$E$3:$F$100,2,FALSE) -> SQE | M75: =VLOOKUP(K75,ID!$E$3:$F$100,2,FALSE) -> SQE | N75: Subestação | O75: =VLOOKUP(N75,Localizacoes!$G$3:$H$100,2,FALSE) -> SUB | P75: =VLOOKUP(N75,ID!$G$3:$H$100,2,FALSE) -> 165 | Q75: Quadro de Media Tensão | R75: =VLOOKUP(Q75,Localizacoes!$I$3:$J$100,2,FALSE) -> QMT | S75: =VLOOKUP(Q75,ID!$I$3:$J$100,2,FALSE) -> QMT | T75: 04 | U75: Eléctrica | X75: Critico | Y75: Operacional | Z75: =Q75&" "& T75 -> Quadro de Media Tensão 04 | AA75: 45408 | AD75: Trimestral | AF75: =_xlfn.CONCAT(N75,Q75) -> SubestaçãoQuadro de Media Tensão | AG75: =VLOOKUP(AF75,Imagens!$C$2:$D$42,2,FALSE) -> 65d1346bf3835 | AH75: =_xlfn.CONCAT(Imagens!$H$2,'registo_ativo-CDs (1)'!AG75) -> assets/imagens/products/65d1346bf3835 | AI75: 45366
A76: =LEN(B76) -> 15 | B76: =CONCATENATE(G76,J76,M76,P76,S76,T76) -> CD28SQE165QMT05 | C76: =CONCATENATE(F76, "-", I76, "-", L76, "-", O76, "-", R76, "-", T76) -> CD-CHA-SQE-SUB-QMT-05 | E76: Centro distribuidor | F76: =VLOOKUP(E76,Localizacoes!$A$3:$B$100,2,FALSE) -> CD | G76: =VLOOKUP(E76,ID!$A$3:$B$100,2,FALSE) -> CD | H76: Chamanculo | I76: =VLOOKUP(H76,Localizacoes!$C$3:$D$100,2,FALSE) -> CHA | J76: =VLOOKUP(H76,ID!$C$3:$D$100,2,FALSE) -> 28 | K76: Sala de Quadros Eléctricos | L76: =VLOOKUP(K76,Localizacoes!$E$3:$F$100,2,FALSE) -> SQE | M76: =VLOOKUP(K76,ID!$E$3:$F$100,2,FALSE) -> SQE | N76: Subestação | O76: =VLOOKUP(N76,Localizacoes!$G$3:$H$100,2,FALSE) -> SUB | P76: =VLOOKUP(N76,ID!$G$3:$H$100,2,FALSE) -> 165 | Q76: Quadro de Media Tensão | R76: =VLOOKUP(Q76,Localizacoes!$I$3:$J$100,2,FALSE) -> QMT | S76: =VLOOKUP(Q76,ID!$I$3:$J$100,2,FALSE) -> QMT | T76: 05 | U76: Eléctrica | Y76: Operacional | Z76: =Q76&" "& T76 -> Quadro de Media Tensão 05 | AA76: 45408 | AD76: Trimestral | AF76: =_xlfn.CONCAT(N76,Q76) -> SubestaçãoQuadro de Media Tensão | AG76: =VLOOKUP(AF76,Imagens!$C$2:$D$42,2,FALSE) -> 65d1346bf3835 | AH76: =_xlfn.CONCAT(Imagens!$H$2,'registo_ativo-CDs (1)'!AG76) -> assets/imagens/products/65d1346bf3835 | AI76: 45366
A77: =LEN(B77) -> 15 | B77: =CONCATENATE(G77,J77,M77,P77,S77,T77) -> CD28SQE165QMT06 | C77: =CONCATENATE(F77, "-", I77, "-", L77, "-", O77, "-", R77, "-", T77) -> CD-CHA-SQE-SUB-QMT-06 | E77: Centro distribuidor | F77: =VLOOKUP(E77,Localizacoes!$A$3:$B$100,2,FALSE) -> CD | G77: =VLOOKUP(E77,ID!$A$3:$B$100,2,FALSE) -> CD | H77: Chamanculo | I77: =VLOOKUP(H77,Localizacoes!$C$3:$D$100,2,FALSE) -> CHA | J77: =VLOOKUP(H77,ID!$C$3:$D$100,2,FALSE) -> 28 | K77: Sala de Quadros Eléctricos | L77: =VLOOKUP(K77,Localizacoes!$E$3:$F$100,2,FALSE) -> SQE | M77: =VLOOKUP(K77,ID!$E$3:$F$100,2,FALSE) -> SQE | N77: Subestação | O77: =VLOOKUP(N77,Localizacoes!$G$3:$H$100,2,FALSE) -> SUB | P77: =VLOOKUP(N77,ID!$G$3:$H$100,2,FALSE) -> 165 | Q77: Quadro de Media Tensão | R77: =VLOOKUP(Q77,Localizacoes!$I$3:$J$100,2,FALSE) -> QMT | S77: =VLOOKUP(Q77,ID!$I$3:$J$100,2,FALSE) -> QMT | T77: 06 | U77: Eléctrica | Y77: Operacional | Z77: =Q77&" "& T77 -> Quadro de Media Tensão 06 | AA77: 45408 | AD77: Trimestral | AF77: =_xlfn.CONCAT(N77,Q77) -> SubestaçãoQuadro de Media Tensão | AG77: =VLOOKUP(AF77,Imagens!$C$2:$D$42,2,FALSE) -> 65d1346bf3835 | AH77: =_xlfn.CONCAT(Imagens!$H$2,'registo_ativo-CDs (1)'!AG77) -> assets/imagens/products/65d1346bf3835 | AI77: 45366
A78: =LEN(B78) -> 15 | B78: =CONCATENATE(G78,J78,M78,P78,S78,T78) -> CD28QEA165QMT07 | C78: =CONCATENATE(F78, "-", I78, "-", L78, "-", O78, "-", R78, "-", T78) -> CD-CHA-QEA-SUB-QMT-07 | E78: Centro distribuidor | F78: =VLOOKUP(E78,Localizacoes!$A$3:$B$100,2,FALSE) -> CD | G78: =VLOOKUP(E78,ID!$A$3:$B$100,2,FALSE) -> CD | H78: Chamanculo | I78: =VLOOKUP(H78,Localizacoes!$C$3:$D$100,2,FALSE) -> CHA | J78: =VLOOKUP(H78,ID!$C$3:$D$100,2,FALSE) -> 28 | K78: Quadros Eléctricos de Arranque | L78: =VLOOKUP(K78,Localizacoes!$E$3:$F$100,2,FALSE) -> QEA | M78: =VLOOKUP(K78,ID!$E$3:$F$100,2,FALSE) -> QEA | N78: Subestação | O78: =VLOOKUP(N78,Localizacoes!$G$3:$H$100,2,FALSE) -> SUB | P78: =VLOOKUP(N78,ID!$G$3:$H$100,2,FALSE) -> 165 | Q78: Quadro de Media Tensão | R78: =VLOOKUP(Q78,Localizacoes!$I$3:$J$100,2,FALSE) -> QMT | S78: =VLOOKUP(Q78,ID!$I$3:$J$100,2,FALSE) -> QMT | T78: 07 | U78: Eléctrica | Y78: Operacional | Z78: =Q78&" "& T78 -> Quadro de Media Tensão 07 | AA78: 45408 | AD78: Trimestral | AF78: =_xlfn.CONCAT(N78,Q78) -> SubestaçãoQuadro de Media Tensão | AG78: =VLOOKUP(AF78,Imagens!$C$2:$D$42,2,FALSE) -> 65d1346bf3835 | AH78: =_xlfn.CONCAT(Imagens!$H$2,'registo_ativo-CDs (1)'!AG78) -> assets/imagens/products/65d1346bf3835 | AI78: 45366
A79: =LEN(B79) -> 15 | B79: =CONCATENATE(G79,J79,M79,P79,S79,T79) -> CD28QEA165QMT08 | C79: =CONCATENATE(F79, "-", I79, "-", L79, "-", O79, "-", R79, "-", T79) -> CD-CHA-QEA-SUB-QMT-08 | E79: Centro distribuidor | F79: =VLOOKUP(E79,Localizacoes!$A$3:$B$100,2,FALSE) -> CD | G79: =VLOOKUP(E79,ID!$A$3:$B$100,2,FALSE) -> CD | H79: Chamanculo | I79: =VLOOKUP(H79,Localizacoes!$C$3:$D$100,2,FALSE) -> CHA | J79: =VLOOKUP(H79,ID!$C$3:$D$100,2,FALSE) -> 28 | K79: Quadros Eléctricos de Arranque | L79: =VLOOKUP(K79,Localizacoes!$E$3:$F$100,2,FALSE) -> QEA | M79: =VLOOKUP(K79,ID!$E$3:$F$100,2,FALSE) -> QEA | N79: Subestação | O79: =VLOOKUP(N79,Localizacoes!$G$3:$H$100,2,FALSE) -> SUB | P79: =VLOOKUP(N79,ID!$G$3:$H$100,2,FALSE) -> 165 | Q79: Quadro de Media Tensão | R79: =VLOOKUP(Q79,Localizacoes!$I$3:$J$100,2,FALSE) -> QMT | S79: =VLOOKUP(Q79,ID!$I$3:$J$100,2,FALSE) -> QMT | T79: 08 | U79: Eléctrica | Y79: Operacional | Z79: =Q79&" "& T79 -> Quadro de Media Tensão 08 | AA79: 45408 | AD79: Trimestral | AF79: =_xlfn.CONCAT(N79,Q79) -> SubestaçãoQuadro de Media Tensão | AG79: =VLOOKUP(AF79,Imagens!$C$2:$D$42,2,FALSE) -> 65d1346bf3835 | AH79: =_xlfn.CONCAT(Imagens!$H$2,'registo_ativo-CDs (1)'!AG79) -> assets/imagens/products/65d1346bf3835 | AI79: 45366
A80: =LEN(B80) -> 15 | B80: =CONCATENATE(G80,J80,M80,P80,S80,T80) -> CD28ILU152QBT01 | C80: =CONCATENATE(F80, "-", I80, "-", L80, "-", O80, "-", R80, "-", T80) -> CD-CHA-ILU-QEL-QBT-01 | E80: Centro distribuidor | F80: =VLOOKUP(E80,Localizacoes!$A$3:$B$100,2,FALSE) -> CD | G80: =VLOOKUP(E80,ID!$A$3:$B$100,2,FALSE) -> CD | H80: Chamanculo | I80: =VLOOKUP(H80,Localizacoes!$C$3:$D$100,2,FALSE) -> CHA | J80: =VLOOKUP(H80,ID!$C$3:$D$100,2,FALSE) -> 28 | K80: Iluminação | L80: =VLOOKUP(K80,Localizacoes!$E$3:$F$100,2,FALSE) -> ILU | M80: =VLOOKUP(K80,ID!$E$3:$F$100,2,FALSE) -> ILU | N80: Quadro Eléctrico | O80: =VLOOKUP(N80,Localizacoes!$G$3:$H$100,2,FALSE) -> QEL | P80: =VLOOKUP(N80,ID!$G$3:$H$100,2,FALSE) -> 152 | Q80: Quadro de Baixa Tensão | R80: =VLOOKUP(Q80,Localizacoes!$I$3:$J$100,2,FALSE) -> QBT | S80: =VLOOKUP(Q80,ID!$I$3:$J$100,2,FALSE) -> QBT | T80: 01 | U80: Eléctrica | Y80: Operacional | Z80: =Q80&" "& T80 -> Quadro de Baixa Tensão 01 | AA80: 45408 | AD80: Trimestral | AF80: =_xlfn.CONCAT(N80,Q80) -> Quadro EléctricoQuadro de Baixa Tensão | AG80: =VLOOKUP(AF80,Imagens!$C$2:$D$42,2,FALSE) -> 65d1346bf3835 | AH80: =_xlfn.CONCAT(Imagens!$H$2,'registo_ativo-CDs (1)'!AG80) -> assets/imagens/products/65d1346bf3835 | AI80: 45366
A81: =LEN(B81) -> 15 | B81: =CONCATENATE(G81,J81,M81,P81,S81,T81) -> CD28SQE152QBT02 | C81: =CONCATENATE(F81, "-", I81, "-", L81, "-", O81, "-", R81, "-", T81) -> CD-CHA-SQE-QEL-QBT-02 | E81: Centro distribuidor | F81: =VLOOKUP(E81,Localizacoes!$A$3:$B$100,2,FALSE) -> CD | G81: =VLOOKUP(E81,ID!$A$3:$B$100,2,FALSE) -> CD | H81: Chamanculo | I81: =VLOOKUP(H81,Localizacoes!$C$3:$D$100,2,FALSE) -> CHA | J81: =VLOOKUP(H81,ID!$C$3:$D$100,2,FALSE) -> 28 | K81: Sala de Quadros Eléctricos | L81: =VLOOKUP(K81,Localizacoes!$E$3:$F$100,2,FALSE) -> SQE | M81: =VLOOKUP(K81,ID!$E$3:$F$100,2,FALSE) -> SQE | N81: Quadro Eléctrico | O81: =VLOOKUP(N81,Localizacoes!$G$3:$H$100,2,FALSE) -> QEL | P81: =VLOOKUP(N81,ID!$G$3:$H$100,2,FALSE) -> 152 | Q81: Quadro de Baixa Tensão | R81: =VLOOKUP(Q81,Localizacoes!$I$3:$J$100,2,FALSE) -> QBT | S81: =VLOOKUP(Q81,ID!$I$3:$J$100,2,FALSE) -> QBT | T81: 02 | U81: Eléctrica | Y81: Operacional | Z81: =Q81&" "& T81 -> Quadro de Baixa Tensão 02 | AA81: 45318 | AD81: Trimestral | AF81: =_xlfn.CONCAT(N81,Q81) -> Quadro EléctricoQuadro de Baixa Tensão | AG81: =VLOOKUP(AF81,Imagens!$C$2:$D$42,2,FALSE) -> 65d1346bf3835 | AH81: =_xlfn.CONCAT(Imagens!$H$2,'registo_ativo-CDs (1)'!AG81) -> assets/imagens/products/65d1346bf3835 | AI81: 45366
A82: =LEN(B82) -> 15 | B82: =CONCATENATE(G82,J82,M82,P82,S82,T82) -> CD28SQE152QBT03 | C82: =CONCATENATE(F82, "-", I82, "-", L82, "-", O82, "-", R82, "-", T82) -> CD-CHA-SQE-QEL-QBT-03 | E82: Centro distribuidor | F82: =VLOOKUP(E82,Localizacoes!$A$3:$B$100,2,FALSE) -> CD | G82: =VLOOKUP(E82,ID!$A$3:$B$100,2,FALSE) -> CD | H82: Chamanculo | I82: =VLOOKUP(H82,Localizacoes!$C$3:$D$100,2,FALSE) -> CHA | J82: =VLOOKUP(H82,ID!$C$3:$D$100,2,FALSE) -> 28 | K82: Sala de Quadros Eléctricos | L82: =VLOOKUP(K82,Localizacoes!$E$3:$F$100,2,FALSE) -> SQE | M82: =VLOOKUP(K82,ID!$E$3:$F$100,2,FALSE) -> SQE | N82: Quadro Eléctrico | O82: =VLOOKUP(N82,Localizacoes!$G$3:$H$100,2,FALSE) -> QEL | P82: =VLOOKUP(N82,ID!$G$3:$H$100,2,FALSE) -> 152 | Q82: Quadro de Baixa Tensão | R82: =VLOOKUP(Q82,Localizacoes!$I$3:$J$100,2,FALSE) -> QBT | S82: =VLOOKUP(Q82,ID!$I$3:$J$100,2,FALSE) -> QBT | T82: 03 | U82: Eléctrica | Y82: Operacional | Z82: =Q82&" "& T82 -> Quadro de Baixa Tensão 03 | AA82: 45318 | AD82: Trimestral | AF82: =_xlfn.CONCAT(N82,Q82) -> Quadro EléctricoQuadro de Baixa Tensão | AG82: =VLOOKUP(AF82,Imagens!$C$2:$D$42,2,FALSE) -> 65d1346bf3835 | AH82: =_xlfn.CONCAT(Imagens!$H$2,'registo_ativo-CDs (1)'!AG82) -> assets/imagens/products/65d1346bf3835 | AI82: 45366
A83: =LEN(B83) -> 15 | B83: =CONCATENATE(G83,J83,M83,P83,S83,T83) -> CD28SQE152QBT04 | C83: =CONCATENATE(F83, "-", I83, "-", L83, "-", O83, "-", R83, "-", T83) -> CD-CHA-SQE-QEL-QBT-04 | E83: Centro distribuidor | F83: =VLOOKUP(E83,Localizacoes!$A$3:$B$100,2,FALSE) -> CD | G83: =VLOOKUP(E83,ID!$A$3:$B$100,2,FALSE) -> CD | H83: Chamanculo | I83: =VLOOKUP(H83,Localizacoes!$C$3:$D$100,2,FALSE) -> CHA | J83: =VLOOKUP(H83,ID!$C$3:$D$100,2,FALSE) -> 28 | K83: Sala de Quadros Eléctricos | L83: =VLOOKUP(K83,Localizacoes!$E$3:$F$100,2,FALSE) -> SQE | M83: =VLOOKUP(K83,ID!$E$3:$F$100,2,FALSE) -> SQE | N83: Quadro Eléctrico | O83: =VLOOKUP(N83,Localizacoes!$G$3:$H$100,2,FALSE) -> QEL | P83: =VLOOKUP(N83,ID!$G$3:$H$100,2,FALSE) -> 152 | Q83: Quadro de Baixa Tensão | R83: =VLOOKUP(Q83,Localizacoes!$I$3:$J$100,2,FALSE) -> QBT | S83: =VLOOKUP(Q83,ID!$I$3:$J$100,2,FALSE) -> QBT | T83: 04 | U83: Eléctrica | Y83: Operacional | Z83: =Q83&" "& T83 -> Quadro de Baixa Tensão 04 | AA83: 45318 | AD83: Trimestral | AF83: =_xlfn.CONCAT(N83,Q83) -> Quadro EléctricoQuadro de Baixa Tensão | AG83: =VLOOKUP(AF83,Imagens!$C$2:$D$42,2,FALSE) -> 65d1346bf3835 | AH83: =_xlfn.CONCAT(Imagens!$H$2,'registo_ativo-CDs (1)'!AG83) -> assets/imagens/products/65d1346bf3835 | AI83: 45366
A84: =LEN(B84) -> 15 | B84: =CONCATENATE(G84,J84,M84,P84,S84,T84) -> CD28SQE152QBT05 | C84: =CONCATENATE(F84, "-", I84, "-", L84, "-", O84, "-", R84, "-", T84) -> CD-CHA-SQE-QEL-QBT-05 | E84: Centro distribuidor | F84: =VLOOKUP(E84,Localizacoes!$A$3:$B$100,2,FALSE) -> CD | G84: =VLOOKUP(E84,ID!$A$3:$B$100,2,FALSE) -> CD | H84: Chamanculo | I84: =VLOOKUP(H84,Localizacoes!$C$3:$D$100,2,FALSE) -> CHA | J84: =VLOOKUP(H84,ID!$C$3:$D$100,2,FALSE) -> 28 | K84: Sala de Quadros Eléctricos | L84: =VLOOKUP(K84,Localizacoes!$E$3:$F$100,2,FALSE) -> SQE | M84: =VLOOKUP(K84,ID!$E$3:$F$100,2,FALSE) -> SQE | N84: Quadro Eléctrico | O84: =VLOOKUP(N84,Localizacoes!$G$3:$H$100,2,FALSE) -> QEL | P84: =VLOOKUP(N84,ID!$G$3:$H$100,2,FALSE) -> 152 | Q84: Quadro de Baixa Tensão | R84: =VLOOKUP(Q84,Localizacoes!$I$3:$J$100,2,FALSE) -> QBT | S84: =VLOOKUP(Q84,ID!$I$3:$J$100,2,FALSE) -> QBT | T84: 05 | U84: Eléctrica | Y84: Operacional | Z84: =Q84&" "& T84 -> Quadro de Baixa Tensão 05 | AA84: 45318 | AD84: Trimestral | AF84: =_xlfn.CONCAT(N84,Q84) -> Quadro EléctricoQuadro de Baixa Tensão | AG84: =VLOOKUP(AF84,Imagens!$C$2:$D$42,2,FALSE) -> 65d1346bf3835 | AH84: =_xlfn.CONCAT(Imagens!$H$2,'registo_ativo-CDs (1)'!AG84) -> assets/imagens/products/65d1346bf3835 | AI84: 45366
A85: =LEN(B85) -> 15 | B85: =CONCATENATE(G85,J85,M85,P85,S85,T85) -> CD28CAN152CAN01 | C85: =CONCATENATE(F85, "-", I85, "-", L85, "-", O85, "-", R85, "-", T85) -> CD-CHA-CAN-QEL-CAN-01 | E85: Centro distribuidor | F85: =VLOOKUP(E85,Localizacoes!$A$3:$B$100,2,FALSE) -> CD | G85: =VLOOKUP(E85,ID!$A$3:$B$100,2,FALSE) -> CD | H85: Chamanculo | I85: =VLOOKUP(H85,Localizacoes!$C$3:$D$100,2,FALSE) -> CHA | J85: =VLOOKUP(H85,ID!$C$3:$D$100,2,FALSE) -> 28 | K85: Canalização Eléctrica | L85: =VLOOKUP(K85,Localizacoes!$E$3:$F$100,2,FALSE) -> CAN | M85: =VLOOKUP(K85,ID!$E$3:$F$100,2,FALSE) -> CAN | N85: Quadro Eléctrico | O85: =VLOOKUP(N85,Localizacoes!$G$3:$H$100,2,FALSE) -> QEL | P85: =VLOOKUP(N85,ID!$G$3:$H$100,2,FALSE) -> 152 | Q85: Canalização Eléctrica | R85: =VLOOKUP(Q85,Localizacoes!$I$3:$J$100,2,FALSE) -> CAN | S85: =VLOOKUP(Q85,ID!$I$3:$J$100,2,FALSE) -> CAN | T85: 01 | U85: Eléctrica | Y85: Operacional | Z85: =Q85&" "& T85 -> Canalização Eléctrica 01 | AA85: 45318 | AD85: Semestral | AF85: =_xlfn.CONCAT(N85,Q85) -> Quadro EléctricoCanalização Eléctrica | AG85: =VLOOKUP(AF85,Imagens!$C$2:$D$42,2,FALSE) -> 65e8e4bb71249 | AH85: =_xlfn.CONCAT(Imagens!$H$2,'registo_ativo-CDs (1)'!AG85) -> assets/imagens/products/65e8e4bb71249 | AI85: 45450
A86: =LEN(B86) -> 15 | B86: =CONCATENATE(G86,J86,M86,P86,S86,T86) -> CD28SB1165TRA01 | C86: =CONCATENATE(F86, "-", I86, "-", L86, "-", O86, "-", R86, "-", T86) -> CD-CHA-SB1-SUB-TRA-01 | E86: Centro distribuidor | F86: =VLOOKUP(E86,Localizacoes!$A$3:$B$100,2,FALSE) -> CD | G86: =VLOOKUP(E86,ID!$A$3:$B$100,2,FALSE) -> CD | H86: Chamanculo | I86: =VLOOKUP(H86,Localizacoes!$C$3:$D$100,2,FALSE) -> CHA | J86: =VLOOKUP(H86,ID!$C$3:$D$100,2,FALSE) -> 28 | K86: Subestação 1 | L86: =VLOOKUP(K86,Localizacoes!$E$3:$F$100,2,FALSE) -> SB1 | M86: =VLOOKUP(K86,ID!$E$3:$F$100,2,FALSE) -> SB1 | N86: Subestação | O86: =VLOOKUP(N86,Localizacoes!$G$3:$H$100,2,FALSE) -> SUB | P86: =VLOOKUP(N86,ID!$G$3:$H$100,2,FALSE) -> 165 | Q86: Transformador | R86: =VLOOKUP(Q86,Localizacoes!$I$3:$J$100,2,FALSE) -> TRA | S86: =VLOOKUP(Q86,ID!$I$3:$J$100,2,FALSE) -> TRA | T86: 01 | U86: Eléctrica | Y86: Operacional | Z86: =Q86&" "& T86 -> Transformador 01 | AA86: 45318 | AD86: Trimestral | AF86: =_xlfn.CONCAT(N86,Q86) -> SubestaçãoTransformador | AG86: =VLOOKUP(AF86,Imagens!$C$2:$D$42,2,FALSE) -> 65e8d98d73a3d | AH86: =_xlfn.CONCAT(Imagens!$H$2,'registo_ativo-CDs (1)'!AG86) -> assets/imagens/products/65e8d98d73a3d | AI86: 45324
A87: =LEN(B87) -> 15 | B87: =CONCATENATE(G87,J87,M87,P87,S87,T87) -> CD28SB1165TRA02 | C87: =CONCATENATE(F87, "-", I87, "-", L87, "-", O87, "-", R87, "-", T87) -> CD-CHA-SB1-SUB-TRA-02 | E87: Centro distribuidor | F87: =VLOOKUP(E87,Localizacoes!$A$3:$B$100,2,FALSE) -> CD | G87: =VLOOKUP(E87,ID!$A$3:$B$100,2,FALSE) -> CD | H87: Chamanculo | I87: =VLOOKUP(H87,Localizacoes!$C$3:$D$100,2,FALSE) -> CHA | J87: =VLOOKUP(H87,ID!$C$3:$D$100,2,FALSE) -> 28 | K87: Subestação 1 | L87: =VLOOKUP(K87,Localizacoes!$E$3:$F$100,2,FALSE) -> SB1 | M87: =VLOOKUP(K87,ID!$E$3:$F$100,2,FALSE) -> SB1 | N87: Subestação | O87: =VLOOKUP(N87,Localizacoes!$G$3:$H$100,2,FALSE) -> SUB | P87: =VLOOKUP(N87,ID!$G$3:$H$100,2,FALSE) -> 165 | Q87: Transformador | R87: =VLOOKUP(Q87,Localizacoes!$I$3:$J$100,2,FALSE) -> TRA | S87: =VLOOKUP(Q87,ID!$I$3:$J$100,2,FALSE) -> TRA | T87: 02 | U87: Eléctrica | Y87: Operacional | Z87: =Q87&" "& T87 -> Transformador 02 | AA87: 45318 | AD87: Trimestral | AF87: =_xlfn.CONCAT(N87,Q87) -> SubestaçãoTransformador | AG87: =VLOOKUP(AF87,Imagens!$C$2:$D$42,2,FALSE) -> 65e8d98d73a3d | AH87: =_xlfn.CONCAT(Imagens!$H$2,'registo_ativo-CDs (1)'!AG87) -> assets/imagens/products/65e8d98d73a3d | AI87: 45324
... A90: =LEN(B90) -> 15 | B90: =CONCATENATE(G90,J90,M90,P90,S90,T90) -> CD28SB1165TRA05 | C90: =CONCATENATE(F90, "-", I90, "-", L90, "-", O90, "-", R90, "-", T90) -> CD-CHA-SB1-SUB-TRA-05 | E90: Centro distribuidor | F90: =VLOOKUP(E90,Localizacoes!$A$3:$B$100,2,FALSE) -> CD | G90: =VLOOKUP(E90,ID!$A$3:$B$100,2,FALSE) -> CD | H90: Chamanculo | I90: =VLOOKUP(H90,Localizacoes!$C$3:$D$100,2,FALSE) -> CHA | J90: =VLOOKUP(H90,ID!$C$3:$D$100,2,FALSE) -> 28 | K90: Subestação 1 | L90: =VLOOKUP(K90,Localizacoes!$E$3:$F$100,2,FALSE) -> SB1 | M90: =VLOOKUP(K90,ID!$E$3:$F$100,2,FALSE) -> SB1 | N90: Subestação | O90: =VLOOKUP(N90,Localizacoes!$G$3:$H$100,2,FALSE) -> SUB | P90: =VLOOKUP(N90,ID!$G$3:$H$100,2,FALSE) -> 165 | Q90: Transformador | R90: =VLOOKUP(Q90,Localizacoes!$I$3:$J$100,2,FALSE) -> TRA | S90: =VLOOKUP(Q90,ID!$I$3:$J$100,2,FALSE) -> TRA | T90: 05 | U90: Eléctrica | Y90: Operacional | Z90: =Q90&" "& T90 -> Transformador 05 | AA90: 45318 | AD90: Trimestral | AF90: =_xlfn.CONCAT(N90,Q90) -> SubestaçãoTransformador | AG90: =VLOOKUP(AF90,Imagens!$C$2:$D$42,2,FALSE) -> 65e8d98d73a3d | AH90: =_xlfn.CONCAT(Imagens!$H$2,'registo_ativo-CDs (1)'!AG90) -> assets/imagens/products/65e8d98d73a3d | AI90: 45324
A91: =LEN(B91) -> 15 | B91: =CONCATENATE(G91,J91,M91,P91,S91,T91) -> CD10BBG131BOM01 | C91: =CONCATENATE(F91, "-", I91, "-", L91, "-", O91, "-", R91, "-", T91) -> CD-AM-BBG-EBC-BOM-01 | E91: Centro distribuidor | F91: =VLOOKUP(E91,Localizacoes!$A$3:$B$100,2,FALSE) -> CD | G91: =VLOOKUP(E91,ID!$A$3:$B$100,2,FALSE) -> CD | H91: Alto Maé | I91: =VLOOKUP(H91,Localizacoes!$C$3:$D$100,2,FALSE) -> AM | J91: =VLOOKUP(H91,ID!$C$3:$D$100,2,FALSE) -> 10 | K91: Bombagem | L91: =VLOOKUP(K91,Localizacoes!$E$3:$F$100,2,FALSE) -> BBG | M91: =VLOOKUP(K91,ID!$E$3:$F$100,2,FALSE) -> BBG | N91: Electrobomba centrífuga | O91: =VLOOKUP(N91,Localizacoes!$G$3:$H$100,2,FALSE) -> EBC | P91: =VLOOKUP(N91,ID!$G$3:$H$100,2,FALSE) -> 131 | Q91: Bomba | R91: =VLOOKUP(Q91,Localizacoes!$I$3:$J$100,2,FALSE) -> BOM | S91: =VLOOKUP(Q91,ID!$I$3:$J$100,2,FALSE) -> BOM | T91: 01 | U91: Mecânica | V91: GRUNDFOS | W91: NK150-400/394Y1FAE-SBQQE*Model-B99125852P116260002*Q-550m³/h*H-45m*n-1483min*P/t:10-120Bar/°c*MEI≥0,70*np=82,5% | X91: Critico | Y91: Operacional | Z91: =Q91&" "& T91 -> Bomba 01 | AA91: 2016 | AD91: Mensal | AF91: =_xlfn.CONCAT(N91,Q91) -> Electrobomba centrífugaBomba | AG91: =VLOOKUP(AF91,Imagens!$C$2:$D$42,2,FALSE) -> 65e96125c1d11 | AH91: =_xlfn.CONCAT(Imagens!$H$2,'registo_ativo-CDs (1)'!AG91) -> assets/imagens/products/65e96125c1d11 | AI91: 45299
A92: =LEN(B92) -> 15 | B92: =CONCATENATE(G92,J92,M92,P92,S92,T92) -> CD10BBG131BOM02 | C92: =CONCATENATE(F92, "-", I92, "-", L92, "-", O92, "-", R92, "-", T92) -> CD-AM-BBG-EBC-BOM-02 | E92: Centro distribuidor | F92: =VLOOKUP(E92,Localizacoes!$A$3:$B$100,2,FALSE) -> CD | G92: =VLOOKUP(E92,ID!$A$3:$B$100,2,FALSE) -> CD | H92: Alto Maé | I92: =VLOOKUP(H92,Localizacoes!$C$3:$D$100,2,FALSE) -> AM | J92: =VLOOKUP(H92,ID!$C$3:$D$100,2,FALSE) -> 10 | K92: Bombagem | L92: =VLOOKUP(K92,Localizacoes!$E$3:$F$100,2,FALSE) -> BBG | M92: =VLOOKUP(K92,ID!$E$3:$F$100,2,FALSE) -> BBG | N92: Electrobomba centrífuga | O92: =VLOOKUP(N92,Localizacoes!$G$3:$H$100,2,FALSE) -> EBC | P92: =VLOOKUP(N92,ID!$G$3:$H$100,2,FALSE) -> 131 | Q92: Bomba | R92: =VLOOKUP(Q92,Localizacoes!$I$3:$J$100,2,FALSE) -> BOM | S92: =VLOOKUP(Q92,ID!$I$3:$J$100,2,FALSE) -> BOM | T92: 02 | U92: Mecânica | V92: GRUNDFOS | W92: NK150-400/394Y1FAE-SBQQE*Model-B99125852P116260002*Q-550m³/h*H-45m*n-1483min*P/t:10-120Bar/°c*MEI≥0,70*np=82,5% | X92: Critico | Y92: Operacional | Z92: =Q92&" "& T92 -> Bomba 02 | AA92: 2016 | AD92: Mensal | AF92: =_xlfn.CONCAT(N92,Q92) -> Electrobomba centrífugaBomba | AG92: =VLOOKUP(AF92,Imagens!$C$2:$D$42,2,FALSE) -> 65e96125c1d11 | AH92: =_xlfn.CONCAT(Imagens!$H$2,'registo_ativo-CDs (1)'!AG92) -> assets/imagens/products/65e96125c1d11 | AI92: 45299
A93: =LEN(B93) -> 15 | B93: =CONCATENATE(G93,J93,M93,P93,S93,T93) -> CD10BBG131BOM03 | C93: =CONCATENATE(F93, "-", I93, "-", L93, "-", O93, "-", R93, "-", T93) -> CD-AM-BBG-EBC-BOM-03 | E93: Centro distribuidor | F93: =VLOOKUP(E93,Localizacoes!$A$3:$B$100,2,FALSE) -> CD | G93: =VLOOKUP(E93,ID!$A$3:$B$100,2,FALSE) -> CD | H93: Alto Maé | I93: =VLOOKUP(H93,Localizacoes!$C$3:$D$100,2,FALSE) -> AM | J93: =VLOOKUP(H93,ID!$C$3:$D$100,2,FALSE) -> 10 | K93: Bombagem | L93: =VLOOKUP(K93,Localizacoes!$E$3:$F$100,2,FALSE) -> BBG | M93: =VLOOKUP(K93,ID!$E$3:$F$100,2,FALSE) -> BBG | N93: Electrobomba centrífuga | O93: =VLOOKUP(N93,Localizacoes!$G$3:$H$100,2,FALSE) -> EBC | P93: =VLOOKUP(N93,ID!$G$3:$H$100,2,FALSE) -> 131 | Q93: Bomba | R93: =VLOOKUP(Q93,Localizacoes!$I$3:$J$100,2,FALSE) -> BOM | S93: =VLOOKUP(Q93,ID!$I$3:$J$100,2,FALSE) -> BOM | T93: 03 | U93: Mecânica | V93: GRUNDFOS | W93: NK150-400/394Y1FAE-SBQQE*Model-B99125852P116260002*Q-550m³/h*H-45m*n-1483min*P/t:10-120Bar/°c*MEI≥0,70*np=82,5% | X93: Redundancia | Y93: Operacional | Z93: =Q93&" "& T93 -> Bomba 03 | AA93: 2016 | AD93: Mensal | AF93: =_xlfn.CONCAT(N93,Q93) -> Electrobomba centrífugaBomba | AG93: =VLOOKUP(AF93,Imagens!$C$2:$D$42,2,FALSE) -> 65e96125c1d11 | AH93: =_xlfn.CONCAT(Imagens!$H$2,'registo_ativo-CDs (1)'!AG93) -> assets/imagens/products/65e96125c1d11 | AI93: 45299
A94: =LEN(B94) -> 15 | B94: =CONCATENATE(G94,J94,M94,P94,S94,T94) -> CD10BBG131MOT01 | C94: =CONCATENATE(F94, "-", I94, "-", L94, "-", O94, "-", R94, "-", T94) -> CD-AM-BBG-EBC-MOT-01 | E94: Centro distribuidor | F94: =VLOOKUP(E94,Localizacoes!$A$3:$B$100,2,FALSE) -> CD | G94: =VLOOKUP(E94,ID!$A$3:$B$100,2,FALSE) -> CD | H94: Alto Maé | I94: =VLOOKUP(H94,Localizacoes!$C$3:$D$100,2,FALSE) -> AM | J94: =VLOOKUP(H94,ID!$C$3:$D$100,2,FALSE) -> 10 | K94: Bombagem | L94: =VLOOKUP(K94,Localizacoes!$E$3:$F$100,2,FALSE) -> BBG | M94: =VLOOKUP(K94,ID!$E$3:$F$100,2,FALSE) -> BBG | N94: Electrobomba centrífuga | O94: =VLOOKUP(N94,Localizacoes!$G$3:$H$100,2,FALSE) -> EBC | P94: =VLOOKUP(N94,ID!$G$3:$H$100,2,FALSE) -> 131 | Q94: Motor | R94: =VLOOKUP(Q94,Localizacoes!$I$3:$J$100,2,FALSE) -> MOT | S94: =VLOOKUP(Q94,ID!$I$3:$J$100,2,FALSE) -> MOT | T94: 01 | U94: Eléctrica | V94: ABB | W94: ABB*Close F* Nmax2600r/min*400V*65IP*Rolamentos6316/C3*50Hz*159A*665Kg*90Kw*0.86Cosϕ*N°3gc1350069119003006*Ano:2013 | X94: Critico | Y94: Operacional | Z94: =Q94&" "& T94 -> Motor 01 | AA94: 2016 | AD94: Mensal | AF94: =_xlfn.CONCAT(N94,Q94) -> Electrobomba centrífugaMotor | AG94: =VLOOKUP(AF94,Imagens!$C$2:$D$42,2,FALSE) -> 65d04210323a4 | AH94: =_xlfn.CONCAT(Imagens!$H$2,'registo_ativo-CDs (1)'!AG94) -> assets/imagens/products/65d04210323a4 | AI94: 45299
A95: =LEN(B95) -> 15 | B95: =CONCATENATE(G95,J95,M95,P95,S95,T95) -> CD10BBG131MOT02 | C95: =CONCATENATE(F95, "-", I95, "-", L95, "-", O95, "-", R95, "-", T95) -> CD-AM-BBG-EBC-MOT-02 | E95: Centro distribuidor | F95: =VLOOKUP(E95,Localizacoes!$A$3:$B$100,2,FALSE) -> CD | G95: =VLOOKUP(E95,ID!$A$3:$B$100,2,FALSE) -> CD | H95: Alto Maé | I95: =VLOOKUP(H95,Localizacoes!$C$3:$D$100,2,FALSE) -> AM | J95: =VLOOKUP(H95,ID!$C$3:$D$100,2,FALSE) -> 10 | K95: Bombagem | L95: =VLOOKUP(K95,Localizacoes!$E$3:$F$100,2,FALSE) -> BBG | M95: =VLOOKUP(K95,ID!$E$3:$F$100,2,FALSE) -> BBG | N95: Electrobomba centrífuga | O95: =VLOOKUP(N95,Localizacoes!$G$3:$H$100,2,FALSE) -> EBC | P95: =VLOOKUP(N95,ID!$G$3:$H$100,2,FALSE) -> 131 | Q95: Motor | R95: =VLOOKUP(Q95,Localizacoes!$I$3:$J$100,2,FALSE) -> MOT | S95: =VLOOKUP(Q95,ID!$I$3:$J$100,2,FALSE) -> MOT | T95: 02 | U95: Eléctrica | V95: ABB | W95: ABB*Close F* Nmax2600r/min*400V*65IP*Rolamentos6316/C3*50Hz*159A*665Kg*90Kw*0.86Cosϕ*N°3gc1350069119003006*Ano:2014 | X95: Critico | Y95: Operacional | Z95: =Q95&" "& T95 -> Motor 02 | AA95: 2016 | AD95: Mensal | AF95: =_xlfn.CONCAT(N95,Q95) -> Electrobomba centrífugaMotor | AG95: =VLOOKUP(AF95,Imagens!$C$2:$D$42,2,FALSE) -> 65d04210323a4 | AH95: =_xlfn.CONCAT(Imagens!$H$2,'registo_ativo-CDs (1)'!AG95) -> assets/imagens/products/65d04210323a4 | AI95: 45299
A96: =LEN(B96) -> 15 | B96: =CONCATENATE(G96,J96,M96,P96,S96,T96) -> CD10BBG131MOT03 | C96: =CONCATENATE(F96, "-", I96, "-", L96, "-", O96, "-", R96, "-", T96) -> CD-AM-BBG-EBC-MOT-03 | E96: Centro distribuidor | F96: =VLOOKUP(E96,Localizacoes!$A$3:$B$100,2,FALSE) -> CD | G96: =VLOOKUP(E96,ID!$A$3:$B$100,2,FALSE) -> CD | H96: Alto Maé | I96: =VLOOKUP(H96,Localizacoes!$C$3:$D$100,2,FALSE) -> AM | J96: =VLOOKUP(H96,ID!$C$3:$D$100,2,FALSE) -> 10 | K96: Bombagem | L96: =VLOOKUP(K96,Localizacoes!$E$3:$F$100,2,FALSE) -> BBG | M96: =VLOOKUP(K96,ID!$E$3:$F$100,2,FALSE) -> BBG | N96: Electrobomba centrífuga | O96: =VLOOKUP(N96,Localizacoes!$G$3:$H$100,2,FALSE) -> EBC | P96: =VLOOKUP(N96,ID!$G$3:$H$100,2,FALSE) -> 131 | Q96: Motor | R96: =VLOOKUP(Q96,Localizacoes!$I$3:$J$100,2,FALSE) -> MOT | S96: =VLOOKUP(Q96,ID!$I$3:$J$100,2,FALSE) -> MOT | T96: 03 | U96: Eléctrica | V96: ABB | W96: ABB*Close F* Nmax2600r/min*400V*65IP*Rolamentos6316/C3*50Hz*159A*665Kg*90Kw*0.86Cosϕ*N°3gc1350069119003006*Ano:2015 | X96: Redundancia | Y96: Operacional | Z96: =Q96&" "& T96 -> Motor 03 | AA96: 2016 | AD96: Mensal | AF96: =_xlfn.CONCAT(N96,Q96) -> Electrobomba centrífugaMotor | AG96: =VLOOKUP(AF96,Imagens!$C$2:$D$42,2,FALSE) -> 65d04210323a4 | AH96: =_xlfn.CONCAT(Imagens!$H$2,'registo_ativo-CDs (1)'!AG96) -> assets/imagens/products/65d04210323a4 | AI96: 45299
A97: =LEN(B97) -> 15 | B97: =CONCATENATE(G97,J97,M97,P97,S97,T97) -> CD10BBG131AEL01 | C97: =CONCATENATE(F97, "-", I97, "-", L97, "-", O97, "-", R97, "-", T97) -> CD-AM-BBG-EBC-AEL-01 | E97: Centro distribuidor | F97: =VLOOKUP(E97,Localizacoes!$A$3:$B$100,2,FALSE) -> CD | G97: =VLOOKUP(E97,ID!$A$3:$B$100,2,FALSE) -> CD | H97: Alto Maé | I97: =VLOOKUP(H97,Localizacoes!$C$3:$D$100,2,FALSE) -> AM | J97: =VLOOKUP(H97,ID!$C$3:$D$100,2,FALSE) -> 10 | K97: Bombagem | L97: =VLOOKUP(K97,Localizacoes!$E$3:$F$100,2,FALSE) -> BBG | M97: =VLOOKUP(K97,ID!$E$3:$F$100,2,FALSE) -> BBG | N97: Electrobomba centrífuga | O97: =VLOOKUP(N97,Localizacoes!$G$3:$H$100,2,FALSE) -> EBC | P97: =VLOOKUP(N97,ID!$G$3:$H$100,2,FALSE) -> 131 | Q97: Actuador Eléctrico | R97: =VLOOKUP(Q97,Localizacoes!$I$3:$J$100,2,FALSE) -> AEL | S97: =VLOOKUP(Q97,ID!$I$3:$J$100,2,FALSE) -> AEL | T97: 01 | U97: Mecânica | V97: CV-R101 | W97: Model:CV-R101*Year:2014*Sise:DN500*Batch;SJ14164*Serial:SJ14164-CVR1015001638-398*Design:BS5155/EN593*Flange:BSEN1563EN-GJS-500-7*Disc:EN-GJS-500-7*Seal:EPDM. | X97: Critico | Y97: Operacional | Z97: =Q97&" "& T97 -> Actuador Eléctrico 01 | AA97: 2016 | AD97: Trimestral | AF97: =_xlfn.CONCAT(N97,Q97) -> Electrobomba centrífugaActuador Eléctrico | AG97: =VLOOKUP(AF97,Imagens!$C$2:$D$42,2,FALSE) -> 65e8db8f62d7b | AH97: =_xlfn.CONCAT(Imagens!$H$2,'registo_ativo-CDs (1)'!AG97) -> assets/imagens/products/65e8db8f62d7b | AI97: 45355
A98: =LEN(B98) -> 15 | B98: =CONCATENATE(G98,J98,M98,P98,S98,T98) -> CD10BBG131AEL02 | C98: =CONCATENATE(F98, "-", I98, "-", L98, "-", O98, "-", R98, "-", T98) -> CD-AM-BBG-EBC-AEL-02 | E98: Centro distribuidor | F98: =VLOOKUP(E98,Localizacoes!$A$3:$B$100,2,FALSE) -> CD | G98: =VLOOKUP(E98,ID!$A$3:$B$100,2,FALSE) -> CD | H98: Alto Maé | I98: =VLOOKUP(H98,Localizacoes!$C$3:$D$100,2,FALSE) -> AM | J98: =VLOOKUP(H98,ID!$C$3:$D$100,2,FALSE) -> 10 | K98: Bombagem | L98: =VLOOKUP(K98,Localizacoes!$E$3:$F$100,2,FALSE) -> BBG | M98: =VLOOKUP(K98,ID!$E$3:$F$100,2,FALSE) -> BBG | N98: Electrobomba centrífuga | O98: =VLOOKUP(N98,Localizacoes!$G$3:$H$100,2,FALSE) -> EBC | P98: =VLOOKUP(N98,ID!$G$3:$H$100,2,FALSE) -> 131 | Q98: Actuador Eléctrico | R98: =VLOOKUP(Q98,Localizacoes!$I$3:$J$100,2,FALSE) -> AEL | S98: =VLOOKUP(Q98,ID!$I$3:$J$100,2,FALSE) -> AEL | T98: 02 | U98: Mecânica | V98: BTV | W98: DF*Year:2014*Batch:SJ14164*Sise:DN400*Serial:SJ14164BTV-DF4001621-24*Design:BS5155/EN593*Flange:BS4504PN16*Body:BSEN1563EN-GJS-500-7*Disc:EN-GJS-500-7*Seal:EPDM | X98: Critico | Y98: Operacional | Z98: =Q98&" "& T98 -> Actuador Eléctrico 02 | AA98: 2016 | AD98: Trimestral | AF98: =_xlfn.CONCAT(N98,Q98) -> Electrobomba centrífugaActuador Eléctrico | AG98: =VLOOKUP(AF98,Imagens!$C$2:$D$42,2,FALSE) -> 65e8db8f62d7b | AH98: =_xlfn.CONCAT(Imagens!$H$2,'registo_ativo-CDs (1)'!AG98) -> assets/imagens/products/65e8db8f62d7b | AI98: 45355
A99: =LEN(B99) -> 15 | B99: =CONCATENATE(G99,J99,M99,P99,S99,T99) -> CD10BBG131AEL03 | C99: =CONCATENATE(F99, "-", I99, "-", L99, "-", O99, "-", R99, "-", T99) -> CD-AM-BBG-EBC-AEL-03 | E99: Centro distribuidor | F99: =VLOOKUP(E99,Localizacoes!$A$3:$B$100,2,FALSE) -> CD | G99: =VLOOKUP(E99,ID!$A$3:$B$100,2,FALSE) -> CD | H99: Alto Maé | I99: =VLOOKUP(H99,Localizacoes!$C$3:$D$100,2,FALSE) -> AM | J99: =VLOOKUP(H99,ID!$C$3:$D$100,2,FALSE) -> 10 | K99: Bombagem | L99: =VLOOKUP(K99,Localizacoes!$E$3:$F$100,2,FALSE) -> BBG | M99: =VLOOKUP(K99,ID!$E$3:$F$100,2,FALSE) -> BBG | N99: Electrobomba centrífuga | O99: =VLOOKUP(N99,Localizacoes!$G$3:$H$100,2,FALSE) -> EBC | P99: =VLOOKUP(N99,ID!$G$3:$H$100,2,FALSE) -> 131 | Q99: Actuador Eléctrico | R99: =VLOOKUP(Q99,Localizacoes!$I$3:$J$100,2,FALSE) -> AEL | S99: =VLOOKUP(Q99,ID!$I$3:$J$100,2,FALSE) -> AEL | T99: 03 | U99: Mecânica | V99: BTV | W99: DF*Year:2014*Batch:SJ14164*Sise:DN200*Serie:SJ14164BTV-DF200102629*Design:BS5155/EN593*Flange:BS4504PN10*Body:BSEN1563EN-GJS-500-7*Disc:en-gjs-500-7*Seal:EPDM*SHANGHAI JOHNSON…SHANGHAI,prc | X99: Critico | Y99: Operacional | Z99: =Q99&" "& T99 -> Actuador Eléctrico 03 | AA99: 2016 | AD99: Trimestral | AF99: =_xlfn.CONCAT(N99,Q99) -> Electrobomba centrífugaActuador Eléctrico | AG99: =VLOOKUP(AF99,Imagens!$C$2:$D$42,2,FALSE) -> 65e8db8f62d7b | AH99: =_xlfn.CONCAT(Imagens!$H$2,'registo_ativo-CDs (1)'!AG99) -> assets/imagens/products/65e8db8f62d7b | AI99: 45355
A100: =LEN(B100) -> 15 | B100: =CONCATENATE(G100,J100,M100,P100,S100,T100) -> CD10BBG131VSU01 | C100: =CONCATENATE(F100, "-", I100, "-", L100, "-", O100, "-", R100, "-", T100) -> CD-AM-BBG-EBC-VSU-01 | E100: Centro distribuidor | F100: =VLOOKUP(E100,Localizacoes!$A$3:$B$100,2,FALSE) -> CD | G100: =VLOOKUP(E100,ID!$A$3:$B$100,2,FALSE) -> CD | H100: Alto Maé | I100: =VLOOKUP(H100,Localizacoes!$C$3:$D$100,2,FALSE) -> AM | J100: =VLOOKUP(H100,ID!$C$3:$D$100,2,FALSE) -> 10 | K100: Bombagem | L100: =VLOOKUP(K100,Localizacoes!$E$3:$F$100,2,FALSE) -> BBG | M100: =VLOOKUP(K100,ID!$E$3:$F$100,2,FALSE) -> BBG | N100: Electrobomba centrífuga | O100: =VLOOKUP(N100,Localizacoes!$G$3:$H$100,2,FALSE) -> EBC | P100: =VLOOKUP(N100,ID!$G$3:$H$100,2,FALSE) -> 131 | Q100: Válvula Sucção | R100: =VLOOKUP(Q100,Localizacoes!$I$3:$J$100,2,FALSE) -> VSU | S100: =VLOOKUP(Q100,ID!$I$3:$J$100,2,FALSE) -> VSU | T100: 01 | U100: Mecânica | V100: QUZ73X-1 | W100: Year:2014*Batch no:SJ14164*Sise:DN250*Serie:SJ14164QUZ73X-102501004-06*DESIGN:JB/T8691-1998*Flange/BS4504PN10*Body:BSEN-GJS-500-7*Disc:SS304*Seal:EPDM | X100: Critico | Y100: Operacional | Z100: =Q100&" "& T100 -> Válvula Sucção 01 | AA100: 2016 | AD100: Trimestral | AF100: =_xlfn.CONCAT(N100,Q100) -> Electrobomba centrífugaVálvula Sucção | AG100: =VLOOKUP(AF100,Imagens!$C$2:$D$42,2,FALSE) -> 65e8cda0676b7 | AH100: =_xlfn.CONCAT(Imagens!$H$2,'registo_ativo-CDs (1)'!AG100) -> assets/imagens/products/65e8cda0676b7 | AI100: 45355
A101: =LEN(B101) -> 15 | B101: =CONCATENATE(G101,J101,M101,P101,S101,T101) -> CD10BBG131VSU02 | C101: =CONCATENATE(F101, "-", I101, "-", L101, "-", O101, "-", R101, "-", T101) -> CD-AM-BBG-EBC-VSU-02 | E101: Centro distribuidor | F101: =VLOOKUP(E101,Localizacoes!$A$3:$B$100,2,FALSE) -> CD | G101: =VLOOKUP(E101,ID!$A$3:$B$100,2,FALSE) -> CD | H101: Alto Maé | I101: =VLOOKUP(H101,Localizacoes!$C$3:$D$100,2,FALSE) -> AM | J101: =VLOOKUP(H101,ID!$C$3:$D$100,2,FALSE) -> 10 | K101: Bombagem | L101: =VLOOKUP(K101,Localizacoes!$E$3:$F$100,2,FALSE) -> BBG | M101: =VLOOKUP(K101,ID!$E$3:$F$100,2,FALSE) -> BBG | N101: Electrobomba centrífuga | O101: =VLOOKUP(N101,Localizacoes!$G$3:$H$100,2,FALSE) -> EBC | P101: =VLOOKUP(N101,ID!$G$3:$H$100,2,FALSE) -> 131 | Q101: Válvula Sucção | R101: =VLOOKUP(Q101,Localizacoes!$I$3:$J$100,2,FALSE) -> VSU | S101: =VLOOKUP(Q101,ID!$I$3:$J$100,2,FALSE) -> VSU | T101: 02 | U101: Mecânica | V101: QUZ73X-1 | W101: Year:2014*Batch no:SJ14164*Sise:DN250*Serie:SJ14164QUZ73X-102501004-06*DESIGN:JB/T8691-1998*Flange/BS4504PN10*Body:BSEN-GJS-500-7*Disc:SS304*Seal:EPDM | X101: Critico | Y101: Operacional | Z101: =Q101&" "& T101 -> Válvula Sucção 02 | AA101: 2016 | AD101: Trimestral | AF101: =_xlfn.CONCAT(N101,Q101) -> Electrobomba centrífugaVálvula Sucção | AG101: =VLOOKUP(AF101,Imagens!$C$2:$D$42,2,FALSE) -> 65e8cda0676b7 | AH101: =_xlfn.CONCAT(Imagens!$H$2,'registo_ativo-CDs (1)'!AG101) -> assets/imagens/products/65e8cda0676b7 | AI101: 45355
A102: =LEN(B102) -> 15 | B102: =CONCATENATE(G102,J102,M102,P102,S102,T102) -> CD10BBG131VSU03 | C102: =CONCATENATE(F102, "-", I102, "-", L102, "-", O102, "-", R102, "-", T102) -> CD-AM-BBG-EBC-VSU-03 | E102: Centro distribuidor | F102: =VLOOKUP(E102,Localizacoes!$A$3:$B$100,2,FALSE) -> CD | G102: =VLOOKUP(E102,ID!$A$3:$B$100,2,FALSE) -> CD | H102: Alto Maé | I102: =VLOOKUP(H102,Localizacoes!$C$3:$D$100,2,FALSE) -> AM | J102: =VLOOKUP(H102,ID!$C$3:$D$100,2,FALSE) -> 10 | K102: Bombagem | L102: =VLOOKUP(K102,Localizacoes!$E$3:$F$100,2,FALSE) -> BBG | M102: =VLOOKUP(K102,ID!$E$3:$F$100,2,FALSE) -> BBG | N102: Electrobomba centrífuga | O102: =VLOOKUP(N102,Localizacoes!$G$3:$H$100,2,FALSE) -> EBC | P102: =VLOOKUP(N102,ID!$G$3:$H$100,2,FALSE) -> 131 | Q102: Válvula Sucção | R102: =VLOOKUP(Q102,Localizacoes!$I$3:$J$100,2,FALSE) -> VSU | S102: =VLOOKUP(Q102,ID!$I$3:$J$100,2,FALSE) -> VSU | T102: 03 | U102: Mecânica | V102: QUZ73X-1 | W102: Year:2014*Batch no:SJ14164*Sise:DN250*Serie:SJ14164QUZ73X-102501004-06*DESIGN:JB/T8691-1998*Flange/BS4504PN10*Body:BSEN-GJS-500-7*Disc:SS304*Seal:EPDM | X102: Critico | Y102: Operacional | Z102: =Q102&" "& T102 -> Válvula Sucção 03 | AA102: 2016 | AD102: Trimestral | AF102: =_xlfn.CONCAT(N102,Q102) -> Electrobomba centrífugaVálvula Sucção | AG102: =VLOOKUP(AF102,Imagens!$C$2:$D$42,2,FALSE) -> 65e8cda0676b7 | AH102: =_xlfn.CONCAT(Imagens!$H$2,'registo_ativo-CDs (1)'!AG102) -> assets/imagens/products/65e8cda0676b7 | AI102: 45355
...

Sheet Checklist
A1: Grupo | B1: Nome do Checklist | C1: ID_EQUIPAMENTO | D1: COD_EQUIPAMENTO | E1: ID do Checklist
A2: Actuador | B2: Actuador Eléctrico | C2: =VLOOKUP(B2,[1]ID!$C$3:$D$100,2,FALSE) -> AEL | D2: Actuador Actuador Eléctrico | E2: 100AEL
A3: Actuador Eléctrico | B3: Actuador Eléctrico | C3: =VLOOKUP(B3,[1]ID!$C$3:$D$100,2,FALSE) -> AEL | D3: Actuador Eléctrico Actuador Eléctrico | E3: 102AEL
A4: Agua de serviço | B4: Actuador Eléctrico | C4: =VLOOKUP(B4,[1]ID!$C$3:$D$100,2,FALSE) -> AEL | D4: Agua de serviço Actuador Eléctrico | E4: 106AEL
A5: Agua filtrada | B5: Actuador Eléctrico | C5: =VLOOKUP(B5,[1]ID!$C$3:$D$100,2,FALSE) -> AEL | D5: Agua filtrada Actuador Eléctrico | E5: 107AEL
A6: Caixa de Entrada | B6: Actuador Eléctrico | C6: =VLOOKUP(B6,[1]ID!$C$3:$D$100,2,FALSE) -> AEL | D6: Caixa de Entrada Actuador Eléctrico | E6: 116AEL
A7: Caixa de Saída | B7: Actuador Eléctrico | C7: =VLOOKUP(B7,[1]ID!$C$3:$D$100,2,FALSE) -> AEL | D7: Caixa de Saída Actuador Eléctrico | E7: 117AEL
A8: Electrobomba centrífuga | B8: Actuador Eléctrico | C8: =VLOOKUP(B8,[1]ID!$C$3:$D$100,2,FALSE) -> AEL | D8: Electrobomba centrífuga Actuador Eléctrico | E8: 131AEL
A9: Electrobomba Doseadora de Diafragma | B9: Actuador Eléctrico | C9: =VLOOKUP(B9,[1]ID!$C$3:$D$100,2,FALSE) -> AEL | D9: Electrobomba Doseadora de Diafragma Actuador Eléctrico | E9: 133AEL
A10: Electrobomba Submersível | B10: Actuador Eléctrico | C10: =VLOOKUP(B10,[1]ID!$C$3:$D$100,2,FALSE) -> AEL | D10: Electrobomba Submersível Actuador Eléctrico | E10: 135AEL
A11: Válvula | B11: Actuador Eléctrico | C11: =VLOOKUP(B11,[1]ID!$C$3:$D$100,2,FALSE) -> AEL | D11: Válvula Actuador Eléctrico | E11: 176AEL
A12: Agua de lavagem | B12: Actuador Pneumático | C12: =VLOOKUP(B12,[1]ID!$C$3:$D$100,2,FALSE) -> AEP | D12: Agua de lavagem Actuador Pneumático | E12: 104AEP
A13: Agua filtrada | B13: Actuador Pneumático | C13: =VLOOKUP(B13,[1]ID!$C$3:$D$100,2,FALSE) -> AEP | D13: Agua filtrada Actuador Pneumático | E13: 107AEP
... A30: Quadro Eléctrico | B30: Banco de Capacitores | C30: =VLOOKUP(B30,[1]ID!$C$3:$D$100,2,FALSE) -> BCA | D30: Quadro Eléctrico Banco de Capacitores | E30: 152BCA
A31: Banco de Capacitores | B31: Banco de Capacitores | C31: Banco de Capacitores | D31: Banco de Capacitores Quadro eléctrico | E31: 113QEL
A32: Electrobomba de Esgoto | B32: Boia | C32: =VLOOKUP(B32,[1]ID!$C$3:$D$100,2,FALSE) -> BOI | D32: Electrobomba de Esgoto Boia | E32: 132BOI
A33: Bomba de Óleo | B33: Electrobomba Doseadora de parafuso | C33: =VLOOKUP(B33,[1]ID!$C$3:$D$100,2,FALSE) -> #N/A | D33: Bomba de Óleo Bomba | E33: 115BOM
A34: Agitador | B34: Caixa de Engrenagem | C34: =VLOOKUP(B34,[1]ID!$C$3:$D$100,2,FALSE) -> CEN | D34: Agitador Caixa de Engrenagem | E34: 103CEN
A35: Raspador de Lamas 1 | B35: Caixa de Engrenagem | C35: =VLOOKUP(B35,[1]ID!$C$3:$D$100,2,FALSE) -> CEN | D35: Raspador de Lamas 1 Caixa de Engrenagem | E35: 153CEN
A36: Raspador de Lamas 2 | B36: Caixa de Engrenagem | C36: =VLOOKUP(B36,[1]ID!$C$3:$D$100,2,FALSE) -> CEN | D36: Raspador de Lamas 2 Caixa de Engrenagem | E36: 154CEN
A37: Regulador | B37: Caixa de Parcialização | C37: =VLOOKUP(B37,[1]ID!$C$3:$D$100,2,FALSE) -> CPA | D37: Regulador Caixa de Parcialização | E37: 157CPA
A38: Electrobomba centrífuga | B38: Canalização Eléctrica | C38: =VLOOKUP(B38,[1]ID!$C$3:$D$100,2,FALSE) -> CAN | D38: Electrobomba centrífuga Canalização Eléctrica | E38: 131CAN
A39: Furo | B39: Canalização Eléctrica | C39: =VLOOKUP(B39,[1]ID!$C$3:$D$100,2,FALSE) -> CAN | D39: Furo Canalização Eléctrica | E39: 141CAN
A40: Quadro Eléctrico | B40: Canalização Eléctrica | C40: =VLOOKUP(B40,[1]ID!$C$3:$D$100,2,FALSE) -> CAN | D40: Quadro Eléctrico Canalização Eléctrica | E40: 152CAN
A41: Tanque de Compensação | B41: Canalização Eléctrica | C41: =VLOOKUP(B41,[1]ID!$C$3:$D$100,2,FALSE) -> CAN | D41: Tanque de Compensação Canalização Eléctrica | E41: 170CAN
A42: Actuador Eléctrico | B42: Comporta | C42: =VLOOKUP(B42,[1]ID!$C$3:$D$100,2,FALSE) -> COM | D42: Actuador Eléctrico Comporta | E42: 102COM
A43: Caixa de Entrada | B43: Comporta | C43: =VLOOKUP(B43,[1]ID!$C$3:$D$100,2,FALSE) -> COM | D43: Caixa de Entrada Comporta | E43: 116COM
... A180: Vibrador de cal | B180: Vibrador de Cal | C180: =VLOOKUP(B180,[1]ID!$C$3:$D$100,2,FALSE) -> VCA | D180: Vibrador de cal Vibrador de Cal | E180: 178VCA

Sheet Localizacoes
A1: Zona | C1: Instalação | E1: Sistema | G1: Grupo | I1: Equipamento | K1: Ordem do equipamento
B2: Cod | D2: Cod | F2: Cod | H2: Cod | J2: Cod
A3: Adução | B3: ADU | C3: Alto Maé | D3: AM | E3: Agua Bruta | F3: AGB | G3: Actuador | H3: ACT | I3: Actuador Eléctrico | J3: AEL | P3: =CONCATENATE(B3, "-", D3, "-", H27, "-", H3, "-", J3, "-", K3) -> ADU-AM-CLC-ACT-AEL-
A4: Centro distribuidor | B4: CD | C4: Bacia de Equalização de Lamas | D4: BEL | E4: Agua de lavagem | F4: AGL | G4: Analisador | H4: ACL | I4: Actuador Pneumático | J4: AEP | P4: =CONCATENATE(B4, "-", D4, "-", H29, "-", H4, "-", J4, "-", K4) -> CD-BEL-CPC-ACL-AEP-
A5: ETA Sabié | B5: ETAS | C5: Bacia de sedimentação | D5: BSD | E5: Agua de refrigeração | F5: AGR | G5: Actuador Eléctrico | H5: AEL | I5: Alimentador | J5: ALM | P5: =CONCATENATE(B5, "-", D5, "-", F59, "-", H5, "-", J5, "-", K5) -> ETAS-BSD-STC-AEL-ALM-
A6: ETA Umbeluzi | B6: ETAU | C6: Belo-Horizonte | D6: BH | E6: Agua de serviço | F6: AGS | G6: Agitador | H6: AGI | I6: Analisador de cloro | J6: ACL | P6: =CONCATENATE(B6, "-", D6, "-", F6, "-", H6, "-", J6, "-", K6) -> ETAU-BH-AGS-AGI-ACL-
A7: Pequeno sistema | B7: PSAA | C7: Bloco Administrativo | D7: BA | E7: Agua Filtrada | F7: AGF | G7: Agua de lavagem | H7: AGL | I7: Analisador de Oxigénio | J7: AOX | P7: =CONCATENATE(D24, "-", D7, "-", F7, "-", H7, "-", J7, "-", K7) -> EQ-BA-AGF-AGL-AOX-
C8: Boane | D8: BOA | E8: Agua Tratada | F8: AGT | G8: Agua de refrigeração | H8: AGR | I8: Analisador de Ozono | J8: AOZ | P8: =CONCATENATE(B8, "-", D8, "-", H28, "-",#REF!, "-", J8, "-", K8) -> #REF!
C9: Caixa de Entrada | D9: ENT | E9: Amortecedor de choque hidráulico | F9: ACH | G9: Agua de serviço | H9: AGS | I9: Analisador de pH | J9: APH | P9: =CONCATENATE(B9, "-", D9, "-", F9, "-",#REF!, "-", J9, "-", K9) -> #REF!
C10: Caixas de Inspecção | D10: INS | E10: Ar de lavagem | F10: ARL | G10: Agua filtrada | H10: AGF | I10: Analisador de Turvação | J10: ATU | P10: =CONCATENATE(B10, "-", D10, "-", F10, "-", H10, "-", J10, "-", K10) -> -INS-ARL-AGF-ATU-
C11: Câmara de Mistura 1 | D11: CM1 | E11: Bacia de Equalização de Lamas | F11: BEL | G11: Agua motriz | H11: AGM | I11: Balança | J11: BAL | P11: =CONCATENATE(B11, "-", D11, "-", F11, "-", H11, "-", J11, "-", K11) -> -CM1-BEL-AGM-BAL-
C12: Câmara de Mistura 2 | D12: CM2 | E12: Bacia de sedimentação | F12: BSD | G12: Alimentador | H12: ALM | I12: Banco de Baterias | J12: BBA | P12: =CONCATENATE(B12, "-", D12, "-", F12, "-", H12, "-", J12, "-", K12) -> -CM2-BSD-ALM-BBA-
C13: Campo de furos da vila olimpica | D13: CFVO | E13: Bombagem | F13: BBG | G13: Ar de lavagem | H13: ARL | I13: Banco de Capacitores | J13: BCA | P13: =CONCATENATE(B13, "-", D13, "-", F13, "-", H13, "-", J13, "-", K13) -> -CFVO-BBG-ARL-BCA-
C14: Campo de furos de Intaka Norte | D14: CFIN | E14: Caixa de Entrada | F14: ENT | G14: Balança | H14: BAL | I14: Boia | J14: BOI | P14: =CONCATENATE(B14, "-", D14, "-", F14, "-", H14, "-", J14, "-", K14) -> -CFIN-ENT-BAL-BOI-
C15: Campo de furos de Intaka Sul | D15: CFIS | E15: Câmara de mistura rápida | F15: CMR | G15: Banco de Baterias | H15: BBA | I15: Bomba | J15: BOM | P15: =CONCATENATE(B15, "-", D15, "-", F15, "-", H15, "-", J15, "-", K15) -> -CFIS-CMR-BBA-BOM-
C16: Campo de furos de Katembe | D16: CFK | E16: Câmara mistura lenta | F16: CML | G16: Banco de Capacitores | H16: BCA | I16: Caixa de Engrenagem | J16: CEN | P16: =CONCATENATE(B16, "-", D16, "-", F16, "-", J18, "-", J16, "-", K16) -> -CFK-CML-CAN-CEN-
C17: Captação | D17: CPT | E17: Canalização Eléctrica | F17: CAN | G17: Boia | H17: BOI | I17: Caixa de Parcialização | J17: CPA | P17: =CONCATENATE(B17, "-", D17, "-", F17, "-", H17, "-", J17, "-", K17) -> -CPT-CAN-BOI-CPA-
C18: Captação 1 | D18: CPT1 | E18: Cisterna | F18: CTN | G18: Bomba de Óleo | H18: BOO | I18: Canalização Eléctrica | J18: CAN | P18: =CONCATENATE(B18, "-", D18, "-", F18, "-", H18, "-",#REF!, "-", K18) -> #REF!
C19: Captação 2 | D19: CPT2 | E19: Clarificador de Agua de Lavagem | F19: CAL | G19: Caixa de Entrada | H19: ENT | I19: Carregador de baterias | J19: CBA | P19: =CONCATENATE(B19, "-", D19, "-", F19, "-", H19, "-", J19, "-", K19) -> -CPT2-CAL-ENT-CBA-
C20: Captação 3 | D20: CPT3 | E20: Cloragem | F20: CLO | G20: Caixa de Saída | H20: SAI | I20: Choque Hidráulico | J20: CHO | P20: =CONCATENATE(B20, "-", D20, "-", F20, "-", H20, "-", J20, "-", K20) -> -CPT3-CLO-SAI-CHO-
C21: Chamanculo | D21: CHA | E21: Decantador | F21: DEC | G21: Caixas de Parcialização | H21: CPA | I21: Circuito Elétrico | J21: CEL | P21: =CONCATENATE(B21, "-", D21, "-", F21, "-", H21, "-", J21, "-", K21) -> -CHA-DEC-CPA-CEL-
C22: Clarificador de Agua de Lavagem | D22: CAL | E22: Descarga | F22: DES | G22: Canalização Eléctrica | H22: CAN | I22: Circuito Hidráulico | J22: CHI | P22: =CONCATENATE(B22, "-", D22, "-", F22, "-", H22, "-", J22, "-", K22) -> -CAL-DES-CAN-CHI-
C23: Complexo oficinal | D23: COF | E23: Descarga de fundo | F23: DEF | G23: Carteira de lavagem de filtros | H23: CLF | I23: Clorinador da Pós-cloração | J23: POS | P23: =CONCATENATE(B23, "-", D23, "-", F23, "-", H23, "-", J23, "-", K23) -> -COF-DEF-CLF-POS-
C24: Edifício Químico | D24: EQ | E24: Descarga de lamas | F24: DEL | G24: Choque hidráulico | H24: CHO | I24: Clorinador da Pré-cloração | J24: PRE | P24: =CONCATENATE(B24, "-", D24, "-", F24, "-", H24, "-", J24, "-", K24) -> -EQ-DEL-CHO-PRE-
C25: Elevação | D25: EEL | E25: Diluição da Cal | F25: CAL | G25: Comporta | H25: COM | I25: Componentes mecânicos | J25: CME | P25: =CONCATENATE(B25, "-", D25, "-", F25, "-", H25, "-", J25, "-", K25) -> -EEL-CAL-COM-CME-
C26: Elevação 1 | D26: EEL1 | E26: Dosagem Cal | F26: CAL | G26: Compressor Lóbulos - Acoplado Directamente | H26: CLD | I26: Comporta | J26: COM | P26: =CONCATENATE(B26, "-", D26, "-", F26, "-", H26, "-", J26, "-", K26) -> -EEL1-CAL-CLD-COM-
C27: Elevação 2 | D27: EEL2 | E27: Dosagem de Cloro Granular | F27: HTH | G27: Compressor Lóbulos - Acoplado por correias | H27: CLC | I27: Compressor | J27: CPS | P27: =CONCATENATE(B27, "-", D27, "-", F27, "-", H27, "-", J27, "-", K27) -> -EEL2-HTH-CLC-CPS-
C28: Elevação 3 | D28: EEL3 | E28: Dosagem de PAC | F28: PAC | G28: Compressor Parafuso - Acoplado Directamente | H28: CPD | I28: Contadores | J28: CON | P28: =CONCATENATE(B28, "-", D28, "-", F28, "-", H28, "-", J28, "-", K28) -> -EEL3-PAC-CPD-CON-
C29: Espessante de Gravidade | D29: EGR | E29: Dosagem de Permanganato de Potássio | F29: DPP | G29: Compressor Parafuso - Acoplado por correias | H29: CPC | I29: Diferencial | J29: DFC | P29: =CONCATENATE(B29, "-", D29, "-", F29, "-", H29, "-", J29, "-", K29) -> -EGR-DPP-CPC-DFC-
C30: Filtros | D30: FTS | E30: Dosagem de Polímero Tanque 1 | F30: PT1 | G30: Compressor Pistão | H30: CPI | I30: Extrator | J30: EXT | P30: =CONCATENATE(B30, "-", D30, "-", F30, "-", H30, "-", J30, "-", K30) -> -FTS-PT1-CPI-EXT-
... C43: Matola Rio | D43: MATR | E43: Ozono | F43: OZO | G43: Filtro | H43: FIL | I43: Quadro de Baixa Tensão | J43: QBT | P43: =CONCATENATE(B43, "-", D43, "-", F43, "-", H43, "-", J43, "-", K43) -> -MATR-OZO-FIL-QBT-
C44: Maxaquene | D44: MAX | E44: Pneumático | F44: PNE | G44: Furo | H44: FUR | I44: Quadro de Media Tensão | J44: QMT
C45: Mussumbuluku | D45: MUS | E45: Pós-Cloração | F45: POS | G45: Gerador | H45: GER | I45: Quadro Eléctrico | J45: QEL
C46: Posto de cobrança | D46: PDC | E46: Pré-Cloração | F46: PRE | G46: Grua | H46: GRU | I46: Quadro Eléctrico de Instrumentação | J46: QEI
C47: Posto de Transformação | D47: PT | E47: Preparação de Cal | F47: CAL | G47: Linha 1 | H47: LN1 | I47: Quadros Eléctricos de Arranque | J47: QEA
C48: Radio Marconi | D48: RM | E48: Preparação de PAC | F48: PAC | G48: Linha 2 | H48: LN2 | I48: Raspador | J48: RSP
C49: Residência | D49: RES | E49: Preparação de Polímero 1 | F49: PL1 | G49: Medidor | H49: MDD | I49: Rectificadores de tensão | J49: RTE
C50: Sala de Bombas | D50: SBB | E50: Preparação de Polímero 2 | F50: PL2 | G50: Medidor de Condutividade | H50: MCD | I50: Secador de Ar | J50: SCA
C51: sala de cilindros de cloro | D51: SCC | E51: Preparação de POT | F51: POT | G51: Neutralização de cloro | H51: NCL | I51: Sensor | J51: SEN
C52: Sala de Clorinadores | D52: SCLO | E52: Preparação de Sulfato de Alumínio | F52: PSA | G52: Ozono | H52: OZO | I52: Sensor de Cloro | J52: SCL
C53: Sala de Compressores e Supressores | D53: SCS | E53: Quadros Eléctricos de Arranque | F53: QEA | G53: Ponte Rolante | H53: PRL | I53: Sensor de Condutividade | J53: SCD
C54: Sala de neutralização de cloro | D54: SNC | E54: sala de cilindros de cloro | F54: SCC | G54: Posto de Transformação | H54: PTF | I54: Sensor de Oxigénio | J54: SOX
C55: Sala de Ozono | D55: SOZ | E55: Sala de Clorinadores | F55: SCL | G55: Quadro Eléctrico | H55: QEL | I55: Sensor de Ozono | J55: SOZ
... C68: Tratamento | D68: TTT | E68: Ventilação | F68: VEN | G68: Subestação | H68: SUB | I68: Válvula | J68: VLV
C69: Tratamento 1 | D69: T1 | G69: Supressor Lóbulos - Acoplado Directamente | H69: SLD | I69: Válvula de Descarga de Fundo | J69: VDF
C70: Tratamento 1 Candy | D70: T1C | G70: Supressor Lóbulos - Acoplado por correias | H70: SLC | I70: Válvula de Descarga de Lama | J70: VDL
C71: Tratamento 1 Degremount 1 | D71: T1D1 | G71: Supressor Parafuso - Acoplado Directamente | H71: SPD | I71: Válvula Descarga | J71: VDE
C72: Tratamento 1 Degremount 2 | D72: T1D2 | G72: Supressor Parafuso - Acoplado por correias | H72: SPC | I72: Válvula Mural | J72: MUR
C73: Tratamento 2 | D73: T2 | G73: Tanque de Compensação | H73: TCP | I73: Válvula Retenção | J73: VRE
C74: Tratamento 3 | D74: T3 | G74: Tanque de Contacto de Ozono | H74: TOZ | I74: Válvula Seccionamento | J74: VSE
C75: Tsalala | D75: TSA | G75: Tanque de Envio | H75: ENV | I75: Válvula Sucção | J75: VSU
C76: Tsalala Transferência | D76: TSAT | G76: Tanque de Preparação | H76: PRE | I76: Ventilador | J76: VEN
C77: Vila-Olimpica | D77: VOL | G77: Triturador | H77: TRT | I77: Ventosa | J77: VET
C78: 3 de Fevereiro | D78: 3FV | G78: UPS | H78: UPS | I78: Vibrador de Cal | J78: VCA
G79: Válvula | H79: VLV
G80: Ventiladores | H80: VET
G81: Vibrador de cal | H81: VCA

Sheet ID
A1: Zona | C1: Instalação | E1: Sistema | G1: Grupo | I1: Equipamento | K1: Ordem do equipamento
B2: Cod | D2: Cod | F2: Cod | H2: Cod | J2: Cod
A3: Adução | B3: AD | C3: Alto Maé | D3: 10 | E3: Agua Bruta | F3: AGB | G3: Actuador | H3: 100 | I3: Actuador Eléctrico | J3: AEL | P3: =CONCATENATE(B3, "-", D3, "-", H27, "-", H3, "-", J3, "-", K3) -> AD-10-124-100-AEL-
A4: Centro distribuidor | B4: CD | C4: Bacia de Equalização de Lamas | D4: 11 | E4: Agua de lavagem | F4: AGL | G4: Analisador | H4: 101 | I4: Actuador Pneumático | J4: AEP | P4: =CONCATENATE(B4, "-", D4, "-", H29, "-", H4, "-", J4, "-", K4) -> CD-11-126-101-AEP-
A5: ETA Sabié | B5: ES | C5: Bacia de sedimentação | D5: 12 | E5: Agua de refrigeração | F5: AGR | G5: Actuador Eléctrico | H5: 102 | I5: Alimentador | J5: ALM | P5: =CONCATENATE(B5, "-", D5, "-", F59, "-", H5, "-", J5, "-", K5) -> ES-12-STC-102-ALM-
A6: ETA Umbeluzi | B6: EU | C6: Belo-Horizonte | D6: 13 | E6: Agua de serviço | F6: AGS | G6: Agitador | H6: 103 | I6: Analisador de cloro | J6: ACL | P6: =CONCATENATE(B6, "-", D6, "-", F6, "-", H6, "-", J6, "-", K6) -> EU-13-AGS-103-ACL-
A7: Pequeno sistema | B7: PS | C7: Bloco Administrativo | D7: 14 | E7: Agua Filtrada | F7: AGF | G7: Agua de lavagem | H7: 104 | I7: Analisador de Oxigénio | J7: AOX | P7: =CONCATENATE(D24, "-", D7, "-", F7, "-", H7, "-", J7, "-", K7) -> 31-14-AGF-104-AOX-
C8: Boane | D8: 15 | E8: Agua Tratada | F8: AGT | G8: Agua de refrigeração | H8: 105 | I8: Analisador de Ozono | J8: AOZ | P8: =CONCATENATE(B8, "-", D8, "-", H28, "-",#REF!, "-", J8, "-", K8) -> #REF!
C9: Caixa de Entrada | D9: 16 | E9: Amortecedor de choque hidráulico | F9: ACH | G9: Agua de serviço | H9: 106 | I9: Analisador de pH | J9: APH | P9: =CONCATENATE(B9, "-", D9, "-", F9, "-",#REF!, "-", J9, "-", K9) -> #REF!
C10: Caixas de Inspecção | D10: 17 | E10: Ar de lavagem | F10: ARL | G10: Agua filtrada | H10: 107 | I10: Analisador de Turvação | J10: ATU | P10: =CONCATENATE(B10, "-", D10, "-", F10, "-", H10, "-", J10, "-", K10) -> -17-ARL-107-ATU-
C11: Câmara de Mistura 1 | D11: 18 | E11: Bacia de Equalização de Lamas | F11: BEL | G11: Agua motriz | H11: 108 | I11: Balança | J11: BAL | P11: =CONCATENATE(B11, "-", D11, "-", F11, "-", H11, "-", J11, "-", K11) -> -18-BEL-108-BAL-
C12: Câmara de Mistura 2 | D12: 19 | E12: Bacia de sedimentação | F12: BSD | G12: Alimentador | H12: 109 | I12: Banco de Baterias | J12: BBA | P12: =CONCATENATE(B12, "-", D12, "-", F12, "-", H12, "-", J12, "-", K12) -> -19-BSD-109-BBA-
C13: Campo de furos da vila olimpica | D13: 20 | E13: Bombagem | F13: BBG | G13: Ar de lavagem | H13: 110 | I13: Banco de Capacitores | J13: BCA | P13: =CONCATENATE(B13, "-", D13, "-", F13, "-", H13, "-", J13, "-", K13) -> -20-BBG-110-BCA-
C14: Campo de furos de Intaka Norte | D14: 21 | E14: Caixa de Entrada | F14: ENT | G14: Balança | H14: 111 | I14: Boia | J14: BOI | P14: =CONCATENATE(B14, "-", D14, "-", F14, "-", H14, "-", J14, "-", K14) -> -21-ENT-111-BOI-
C15: Campo de furos de Intaka Sul | D15: 22 | E15: Câmara de mistura rápida | F15: CMR | G15: Banco de Baterias | H15: 112 | I15: Bomba | J15: BOM | P15: =CONCATENATE(B15, "-", D15, "-", F15, "-", H15, "-", J15, "-", K15) -> -22-CMR-112-BOM-
C16: Campo de furos de Katembe | D16: 23 | E16: Câmara mistura lenta | F16: CML | G16: Banco de Capacitores | H16: 113 | I16: Caixa de Engrenagem | J16: CEN | P16: =CONCATENATE(B16, "-", D16, "-", F16, "-", J18, "-", J16, "-", K16) -> -23-CML-CAN-CEN-
C17: Captação | D17: 24 | E17: Canalização Eléctrica | F17: CAN | G17: Boia | H17: 114 | I17: Caixa de Parcialização | J17: CPA | P17: =CONCATENATE(B17, "-", D17, "-", F17, "-", H17, "-", J17, "-", K17) -> -24-CAN-114-CPA-
C18: Captação 1 | D18: 25 | E18: Cisterna | F18: CTN | G18: Bomba de Óleo | H18: 115 | I18: Canalização Eléctrica | J18: CAN | P18: =CONCATENATE(B18, "-", D18, "-", F18, "-", H18, "-",#REF!, "-", K18) -> #REF!
C19: Captação 2 | D19: 26 | E19: Clarificador de Agua de Lavagem | F19: CAL | G19: Caixa de Entrada | H19: 116 | I19: Carregador de baterias | J19: CBA | P19: =CONCATENATE(B19, "-", D19, "-", F19, "-", H19, "-", J19, "-", K19) -> -26-CAL-116-CBA-
C20: Captação 3 | D20: 27 | E20: Cloragem | F20: CLO | G20: Caixa de Saída | H20: 117 | I20: Choque Hidráulico | J20: CHO | P20: =CONCATENATE(B20, "-", D20, "-", F20, "-", H20, "-", J20, "-", K20) -> -27-CLO-117-CHO-
C21: Chamanculo | D21: 28 | E21: Decantador | F21: DEC | G21: Caixas de Parcialização | H21: 118 | I21: Circuito Elétrico | J21: CEL | P21: =CONCATENATE(B21, "-", D21, "-", F21, "-", H21, "-", J21, "-", K21) -> -28-DEC-118-CEL-
C22: Clarificador de Agua de Lavagem | D22: 29 | E22: Descarga | F22: DES | G22: Canalização Eléctrica | H22: 119 | I22: Circuito Hidráulico | J22: CHI | P22: =CONCATENATE(B22, "-", D22, "-", F22, "-", H22, "-", J22, "-", K22) -> -29-DES-119-CHI-
C23: Complexo oficinal | D23: 30 | E23: Descarga de fundo | F23: DEF | G23: Carteira de lavagem de filtros | H23: 120 | I23: Clorinador da Pós-cloração | J23: POS | P23: =CONCATENATE(B23, "-", D23, "-", F23, "-", H23, "-", J23, "-", K23) -> -30-DEF-120-POS-
C24: Edifício Químico | D24: 31 | E24: Descarga de lamas | F24: DEL | G24: Choque hidráulico | H24: 121 | I24: Clorinador da Pré-cloração | J24: PRE | P24: =CONCATENATE(B24, "-", D24, "-", F24, "-", H24, "-", J24, "-", K24) -> -31-DEL-121-PRE-
C25: Elevação | D25: 32 | E25: Diluição da Cal | F25: CAL | G25: Comporta | H25: 122 | I25: Componentes mecânicos | J25: CME | P25: =CONCATENATE(B25, "-", D25, "-", F25, "-", H25, "-", J25, "-", K25) -> -32-CAL-122-CME-
C26: Elevação 1 | D26: 33 | E26: Dosagem Cal | F26: CAL | G26: Compressor Lóbulos - Acoplado Directamente | H26: 123 | I26: Comporta | J26: COM | P26: =CONCATENATE(B26, "-", D26, "-", F26, "-", H26, "-", J26, "-", K26) -> -33-CAL-123-COM-
C27: Elevação 2 | D27: 34 | E27: Dosagem de Cloro Granular | F27: HTH | G27: Compressor Lóbulos - Acoplado por correias | H27: 124 | I27: Compressor | J27: CPS | P27: =CONCATENATE(B27, "-", D27, "-", F27, "-", H27, "-", J27, "-", K27) -> -34-HTH-124-CPS-
C28: Elevação 3 | D28: 35 | E28: Dosagem de PAC | F28: PAC | G28: Compressor Parafuso - Acoplado Directamente | H28: 125 | I28: Contadores | J28: CON | P28: =CONCATENATE(B28, "-", D28, "-", F28, "-", H28, "-", J28, "-", K28) -> -35-PAC-125-CON-
C29: Espessante de Gravidade | D29: 36 | E29: Dosagem de Permanganato de Potássio | F29: DPP | G29: Compressor Parafuso - Acoplado por correias | H29: 126 | I29: Diferencial | J29: DFC | P29: =CONCATENATE(B29, "-", D29, "-", F29, "-", H29, "-", J29, "-", K29) -> -36-DPP-126-DFC-
C30: Filtros | D30: 37 | E30: Dosagem de Polímero Tanque 1 | F30: PT1 | G30: Compressor Pistão | H30: 127 | I30: Extrator | J30: EXT | P30: =CONCATENATE(B30, "-", D30, "-", F30, "-", H30, "-", J30, "-", K30) -> -37-PT1-127-EXT-
... C43: Matola Rio | D43: 50 | E43: Ozono | F43: OZO | G43: Filtro | H43: 140 | I43: Quadro de Baixa Tensão | J43: QBT | P43: =CONCATENATE(B43, "-", D43, "-", F43, "-", H43, "-", J43, "-", K43) -> -50-OZO-140-QBT-
C44: Maxaquene | D44: 51 | E44: Pneumático | F44: PNE | G44: Furo | H44: 141 | I44: Quadro de Media Tensão | J44: QMT
C45: Mussumbuluku | D45: 52 | E45: Pós-Cloração | F45: POS | G45: Gerador | H45: 142 | I45: Quadro Eléctrico | J45: QEL
C46: Posto de cobrança | D46: 53 | E46: Pré-Cloração | F46: PRE | G46: Grua | H46: 143 | I46: Quadro Eléctrico de Instrumentação | J46: QEI
C47: Posto de Transformação | D47: 54 | E47: Preparação de Cal | F47: CAL | G47: Linha 1 | H47: 144 | I47: Quadros Eléctricos de Arranque | J47: QEA
C48: Radio Marconi | D48: 55 | E48: Preparação de PAC | F48: PAC | G48: Linha 2 | H48: 145 | I48: Raspador | J48: RSP
C49: Residência | D49: 56 | E49: Preparação de Polímero 1 | F49: PL1 | G49: Medidor | H49: 146 | I49: Rectificadores de tensão | J49: RTE
C50: Sala de Bombas | D50: 57 | E50: Preparação de Polímero 2 | F50: PL2 | G50: Medidor de Condutividade | H50: 147 | I50: Secador de Ar | J50: SCA
C51: sala de cilindros de cloro | D51: 58 | E51: Preparação de POT | F51: POT | G51: Neutralização de cloro | H51: 148 | I51: Sensor | J51: SEN
C52: Sala de Clorinadores | D52: 59 | E52: Preparação de Sulfato de Alumínio | F52: PSA | G52: Ozono | H52: 149 | I52: Sensor de Cloro | J52: SCL
C53: Sala de Compressores e Supressores | D53: 60 | E53: Quadros Eléctricos de Arranque | F53: QEA | G53: Ponte Rolante | H53: 150 | I53: Sensor de Condutividade | J53: SCD
C54: Sala de neutralização de cloro | D54: 61 | E54: sala de cilindros de cloro | F54: SCC | G54: Posto de Transformação | H54: 151 | I54: Sensor de Oxigénio | J54: SOX
C55: Sala de Ozono | D55: 62 | E55: Sala de Clorinadores | F55: SCL | G55: Quadro Eléctrico | H55: 152 | I55: Sensor de Ozono | J55: SOZ
... C68: Tratamento | D68: 75 | E68: Ventilação | F68: VEN | G68: Subestação | H68: 165 | I68: Válvula | J68: VLV
C69: Tratamento 1 | D69: 76 | G69: Supressor Lóbulos - Acoplado Directamente | H69: 166 | I69: Válvula de Descarga de Fundo | J69: VDF
C70: Tratamento 1 Candy | D70: 77 | G70: Supressor Lóbulos - Acoplado por correias | H70: 167 | I70: Válvula de Descarga de Lama | J70: VDL
C71: Tratamento 1 Degremount 1 | D71: 78 | G71: Supressor Parafuso - Acoplado Directamente | H71: 168 | I71: Válvula Descarga | J71: VDE
C72: Tratamento 1 Degremount 2 | D72: 79 | G72: Supressor Parafuso - Acoplado por correias | H72: 169 | I72: Válvula Mural | J72: MUR
C73: Tratamento 2 | D73: 80 | G73: Tanque de Compensação | H73: 170 | I73: Válvula Retenção | J73: VRE
C74: Tratamento 3 | D74: 81 | G74: Tanque de Contacto de Ozono | H74: 171 | I74: Válvula Seccionamento | J74: VSE
C75: Tsalala | D75: 82 | G75: Tanque de Envio | H75: 172 | I75: Válvula Sucção | J75: VSU
C76: Tsalala Transferência Coca-Cola | D76: 83 | G76: Tanque de Preparação | H76: 173 | I76: Ventilador | J76: VEN
C77: Vila-Olimpica | D77: 84 | G77: Triturador | H77: 174 | I77: Ventosa | J77: VET
C78: 3 de Fevereiro | D78: 85 | G78: UPS | H78: 175 | I78: Vibrador de Cal | J78: VCA
G79: Válvula | H79: 176
G80: Ventiladores | H80: 177
G81: Vibrador de cal | H81: 178

Sheet Imagens
A1: Grupo | B1: Equipamento | C1: =_xlfn.CONCAT(A1,B1) -> GrupoEquipamento | D1: Imagens | H1: Pasta
A2: Agitador | B2: Caixa de Engrenagem | C2: Agitador Caixa de Engrenagem | D2: 65e8e1a7e4bd4 | H2: assets/imagens/products/
A3: Agitador | B3: Motor | C3: Agitador Motor | D3: 65e8e1a7e4bd4
A4: Compressor | B4: Compressor | C4: Canalização EléctricaCanalização Eléctrica | D4: 65e8e4bb71249
A5: Compressor | B5: Quadros Eléctricos de Arranque | C5: Compressor PistãoCompressor | D5: 65e8de45ce961
A6: Electrobomba centrífuga horizontal | B6: Bomba | C6: Compressor PistãoQuadros Eléctricos de Arranque | D6: 65e8d2fa35c12
A7: Electrobomba centrífuga horizontal | B7: Motor | C7: Electrobomba centrífugaActuador Eléctrico | D7: 65e8db8f62d7b
A8: Electrobomba centrífuga horizontal | B8: Quadros Eléctricos de Arranque | C8: Electrobomba centrífugaBomba | D8: 65e96125c1d11
A9: Electrobomba centrífuga horizontal | B9: Válvula Sucção | C9: Electrobomba centrífugaCanalização Eléctrica | D9: 65e8e4bb71249
A10: Electrobomba centrífuga horizontal | B10: Válvula Descarga | C10: Electrobomba centrífugaMotor | D10: 65d04210323a4
A11: Electrobomba centrífuga horizontal | B11: Actuador Eléctrico | C11: Electrobomba centrífugaQuadros Eléctricos de Arranque | D11: 65e8d2fa35c12
A12: Electrobomba centrífuga horizontal | B12: Iluminação | C12: Electrobomba centrífugaVálvula | D12: 65e8cda0676b7
A13: Electrobomba centrífuga horizontal | B13: Canalização Eléctrica | C13: Electrobomba centrífugaVálvula Descarga | D13: 65e8cda0676b7
A14: Electrobomba centrífuga horizontal | B14: Válvula | C14: Electrobomba centrífugaVálvula Sucção | D14: 65e8cda0676b7
... A37: Quadro Eléctrico | B37: Quadro Eléctrico de Instrumentação | C37: SubestaçãoTransformador | D37: 65e8d98d73a3d
A38: Quadro Eléctrico | B38: Quadro de Media Tensão
A39: Reservatório | B39: Choque Hidráulico
A40: Subestação | B40: Quadro de Media Tensão
A41: Subestação | B41: Transformador
A42: Subestação | B42: Gerador
